,Year,TotalTDFDistance,Stage
0,1919,5560,Stage 1 : Paris > Le Havre
1,1919,5560,Stage 2 : Le Havre > Cherbourg-en-Cotentin
2,1919,5560,Stage 3 : Cherbourg-en-Cotentin > Brest
3,1919,5560,Stage 4 : Brest > Les Sables
4,1919,5560,Stage 5 : Les Sables > Bayonne
5,1919,5560,Stage 6 : Bayonne > Luchon
6,1919,5560,Stage 7 : Luchon > Perpignan
7,1919,5560,Stage 8 : Perpignan > Marseille
8,1919,5560,Stage 9 : Marseille > Nice
9,1919,5560,Stage 10 : Nice > Grenoble
10,1919,5560,Stage 11 : Grenoble > Genève
11,1919,5560,Stage 12 : Genève > Strasbourg
12,1919,5560,Stage 13 : Strasbourg > Metz
13,1919,5560,Stage 14 : Metz > Dunkerque
14,1919,5560,Stage 15 : Dunkerque > Paris
0,1920,5503,Stage 1 : Paris > Le Havre
1,1920,5503,Stage 2 : Le Havre > Cherbourg-en-Cotentin
2,1920,5503,Stage 3 : Cherbourg-en-Cotentin > Brest
3,1920,5503,Stage 4 : Brest > Les Sables
4,1920,5503,Stage 5 : Les Sables > Bayonne
5,1920,5503,Stage 6 : Bayonne > Luchon
6,1920,5503,Stage 7 : Luchon > Perpignan
7,1920,5503,Stage 8 : Perpignan > Aix en Provence
8,1920,5503,Stage 9 : Aix en Provence > Nice
9,1920,5503,Stage 10 : Nice > Grenoble
10,1920,5503,Stage 11 : Grenoble > Gex
11,1920,5503,Stage 12 : Gex > Strasbourg
12,1920,5503,Stage 13 : Strasbourg > Metz
13,1920,5503,Stage 14 : Metz > Dunkerque
14,1920,5503,Stage 15 : Dunkerque > Paris
0,1921,5485,Stage 1 : Paris > Le Havre
1,1921,5485,Stage 2 : Le Havre > Cherbourg-en-Cotentin
2,1921,5485,Stage 3 : Cherbourg-en-Cotentin > Brest
3,1921,5485,Stage 4 : Brest > Les Sables
4,1921,5485,Stage 5 : Les Sables > Bayonne
5,1921,5485,Stage 6 : Bayonne > Luchon
6,1921,5485,Stage 7 : Luchon > Perpignan
7,1921,5485,Stage 8 : Perpignan > Toulon
8,1921,5485,Stage 9 : Toulon > Nice
9,1921,5485,Stage 10 : Nice > Grenoble
10,1921,5485,Stage 11 : Grenoble > Genève
11,1921,5485,Stage 12 : Genève > Strasbourg
12,1921,5485,Stage 13 : Strasbourg > Metz
13,1921,5485,Stage 14 : Metz > Dunkerque
14,1921,5485,Stage 15 : Dunkerque > Paris
0,1922,5375,Stage 1 : Paris > Le Havre
1,1922,5375,Stage 2 : Le Havre > Cherbourg-en-Cotentin
2,1922,5375,Stage 3 : Cherbourg-en-Cotentin > Brest
3,1922,5375,Stage 4 : Brest > Les Sables
4,1922,5375,Stage 5 : Les Sables > Bayonne
5,1922,5375,Stage 6 : Bayonne > Luchon
6,1922,5375,Stage 7 : Luchon > Perpignan
7,1922,5375,Stage 8 : Perpignan > Toulon
8,1922,5375,Stage 9 : Toulon > Nice
9,1922,5375,Stage 10 : Nice > Briançon
10,1922,5375,Stage 11 : Briançon > Genève
11,1922,5375,Stage 12 : Genève > Strasbourg
12,1922,5375,Stage 13 : Strasbourg > Metz
13,1922,5375,Stage 14 : Metz > Dunkerque
14,1922,5375,Stage 15 : Dunkerque > Paris
0,1923,5386,Stage 1 : Paris > Le Havre
1,1923,5386,Stage 2 : Le Havre > Cherbourg-en-Cotentin
2,1923,5386,Stage 3 : Cherbourg-en-Cotentin > Brest
3,1923,5386,Stage 4 : Brest > Les Sables
4,1923,5386,Stage 5 : Les Sables > Bayonne
5,1923,5386,Stage 6 : Bayonne > Luchon
6,1923,5386,Stage 7 : Luchon > Perpignan
7,1923,5386,Stage 8 : Perpignan > Toulon
8,1923,5386,Stage 9 : Toulon > Nice
9,1923,5386,Stage 10 : Nice > Briançon
10,1923,5386,Stage 11 : Briançon > Genève
11,1923,5386,Stage 12 : Genève > Strasbourg
12,1923,5386,Stage 13 : Strasbourg > Metz
13,1923,5386,Stage 14 : Metz > Dunkerque
14,1923,5386,Stage 15 : Dunkerque > Paris
0,1924,5425,Stage 1 : Paris > Le Havre
1,1924,5425,Stage 2 : Le Havre > Cherbourg-en-Cotentin
2,1924,5425,Stage 3 : Cherbourg-en-Cotentin > Brest
3,1924,5425,Stage 4 : Brest > Les Sables
4,1924,5425,Stage 5 : Les Sables > Bayonne
5,1924,5425,Stage 6 : Bayonne > Luchon
6,1924,5425,Stage 7 : Luchon > Perpignan
7,1924,5425,Stage 8 : Perpignan > Toulon
8,1924,5425,Stage 9 : Toulon > Nice
9,1924,5425,Stage 10 : Nice > Briançon
10,1924,5425,Stage 11 : Briançon > Gex
11,1924,5425,Stage 12 : Gex > Strasbourg
12,1924,5425,Stage 13 : Strasbourg > Metz
13,1924,5425,Stage 14 : Metz > Dunkerque
14,1924,5425,Stage 15 : Dunkerque > Paris
0,1925,5440,Stage 1 : Paris > Le Havre
1,1925,5440,Stage 2 : Le Havre > Cherbourg-en-Cotentin
2,1925,5440,Stage 3 : Cherbourg-en-Cotentin > Brest
3,1925,5440,Stage 4 : Brest > Vannes
4,1925,5440,Stage 5 : Vannes > Les Sables
5,1925,5440,Stage 6 : Les Sables > Bordeaux
6,1925,5440,Stage 7 : Bordeaux > Bayonne
7,1925,5440,Stage 8 : Bayonne > Luchon
8,1925,5440,Stage 9 : Luchon > Perpignan
9,1925,5440,Stage 10 : Perpignan > Nîmes
10,1925,5440,Stage 11 : Nîmes > Toulon
11,1925,5440,Stage 12 : Toulon > Nice
12,1925,5440,Stage 13 : Nice > Briançon
13,1925,5440,Stage 14 : Briançon > Evian-les-Bains
14,1925,5440,Stage 15 : Evian-les-Bains > Mulhouse
15,1925,5440,Stage 16 : Mulhouse > Metz
16,1925,5440,Stage 17 : Metz > Dunkerque
17,1925,5440,Stage 18 : Dunkerque > Paris
0,1926,5745,Stage 1 : Evian-les-Bains > Mulhouse
1,1926,5745,Stage 2 : Mulhouse > Metz
2,1926,5745,Stage 3 : Metz > Dunkerque
3,1926,5745,Stage 4 : Dunkerque > Le Havre
4,1926,5745,Stage 5 : Le Havre > Cherbourg-en-Cotentin
5,1926,5745,Stage 6 : Cherbourg-en-Cotentin > Brest
6,1926,5745,Stage 7 : Brest > Les Sables
7,1926,5745,Stage 8 : Les Sables > Bordeaux
8,1926,5745,Stage 9 : Bordeaux > Bayonne
9,1926,5745,Stage 10 : Bayonne > Luchon
10,1926,5745,Stage 11 : Luchon > Perpignan
11,1926,5745,Stage 12 : Perpignan > Toulon
12,1926,5745,Stage 13 : Toulon > Nice
13,1926,5745,Stage 14 : Nice > Briançon
14,1926,5745,Stage 15 : Briançon > Evian-les-Bains
15,1926,5745,Stage 16 : Evian-les-Bains > Dijon
16,1926,5745,Stage 17 : Dijon > Paris
0,1927,5398,Stage 1 : Paris > Dieppe
1,1927,5398,Stage 2 : Dieppe > Le Havre
2,1927,5398,Stage 3 : Le Havre > Caen
3,1927,5398,Stage 4 : Caen > Cherbourg-en-Cotentin
4,1927,5398,Stage 5 : Cherbourg-en-Cotentin > Dinan
5,1927,5398,Stage 6 : Dinan > Brest
6,1927,5398,Stage 7 : Brest > Vannes
7,1927,5398,Stage 8 : Vannes > Les Sables
8,1927,5398,Stage 9 : Les Sables > Bordeaux
9,1927,5398,Stage 10 : Bordeaux > Bayonne
10,1927,5398,Stage 11 : Bayonne > Luchon
11,1927,5398,Stage 12 : Luchon > Perpignan
12,1927,5398,Stage 13 : Perpignan > Marseille
13,1927,5398,Stage 14 : Marseille > Toulon
14,1927,5398,Stage 15 : Toulon > Nice
15,1927,5398,Stage 16 : Nice > Briançon
16,1927,5398,Stage 17 : Briançon > Evian-les-Bains
17,1927,5398,Stage 18 : Evian-les-Bains > Pontarlier
18,1927,5398,Stage 19 : Pontarlier > Belfort
19,1927,5398,Stage 20 : Belfort > Strasbourg
20,1927,5398,Stage 21 : Strasbourg > Metz
21,1927,5398,Stage 22 : Metz > Charleville-Mézières
22,1927,5398,Stage 23 : Charleville-Mézières > Dunkerque
23,1927,5398,Stage 24 : Dunkerque > Paris
0,1928,5476,Stage 1 : Paris > Caen
1,1928,5476,Stage 2 : Caen > Cherbourg-en-Cotentin
2,1928,5476,Stage 3 : Cherbourg-en-Cotentin > Dinan
3,1928,5476,Stage 4 : Dinan > Brest
4,1928,5476,Stage 5 : Brest > Vannes
5,1928,5476,Stage 6 : Vannes > Les Sables
6,1928,5476,Stage 7 : Les Sables > Bordeaux
7,1928,5476,Stage 8 : Bordeaux > Hendaye
8,1928,5476,Stage 9 : Hendaye > Luchon
9,1928,5476,Stage 10 : Luchon > Perpignan
10,1928,5476,Stage 11 : Perpignan > Marseille
11,1928,5476,Stage 12 : Marseille > Nice
12,1928,5476,Stage 13 : Nice > Grenoble
13,1928,5476,Stage 14 : Grenoble > Evian-les-Bains
14,1928,5476,Stage 15 : Evian-les-Bains > Pontarlier
15,1928,5476,Stage 16 : Pontarlier > Belfort
16,1928,5476,Stage 17 : Belfort > Strasbourg
17,1928,5476,Stage 18 : Strasbourg > Metz
18,1928,5476,Stage 19 : Metz > Charleville-Mézières
19,1928,5476,Stage 20 : Charleville-Mézières > Malo
20,1928,5476,Stage 21 : Malo > Dieppe
21,1928,5476,Stage 22 : Dieppe > Paris
0,1929,5286,Stage 1 : Paris > Caen
1,1929,5286,Stage 2 : Caen > Cherbourg-en-Cotentin
2,1929,5286,Stage 3 : Cherbourg-en-Cotentin > Dinan
3,1929,5286,Stage 4 : Dinan > Brest
4,1929,5286,Stage 5 : Brest > Vannes
5,1929,5286,Stage 6 : Vannes > Les Sables
6,1929,5286,Stage 7 : Les Sables > Bordeaux
7,1929,5286,Stage 8 : Bordeaux > Bayonne
8,1929,5286,Stage 9 : Bayonne > Luchon
9,1929,5286,Stage 10 : Luchon > Perpignan
10,1929,5286,Stage 11 : Perpignan > Marseille
11,1929,5286,Stage 12 : Marseille > Cannes
12,1929,5286,Stage 13 : Cannes > Nice
13,1929,5286,Stage 14 : Nice > Grenoble
14,1929,5286,Stage 15 : Grenoble > Evian-les-Bains
15,1929,5286,Stage 16 : Evian-les-Bains > Belfort
16,1929,5286,Stage 17 : Belfort > Strasbourg
17,1929,5286,Stage 18 : Strasbourg > Metz
18,1929,5286,Stage 19 : Metz > Charleville-Mézières
19,1929,5286,Stage 20 : Charleville-Mézières > Malo
20,1929,5286,Stage 21 : Malo > Dieppe
21,1929,5286,Stage 22 : Dieppe > Paris
0,1930,4822,Stage 1 : Paris > Caen
1,1930,4822,Stage 2 : Caen > Dinan
2,1930,4822,Stage 3 : Dinan > Brest
3,1930,4822,Stage 4 : Brest > Vannes
4,1930,4822,Stage 5 : Vannes > Les Sables
5,1930,4822,Stage 6 : Les Sables > Bordeaux
6,1930,4822,Stage 7 : Bordeaux > Hendaye
7,1930,4822,Stage 8 : Hendaye > Pau
8,1930,4822,Stage 9 : Pau > Luchon
9,1930,4822,Stage 10 : Luchon > Perpignan
10,1930,4822,Stage 11 : Perpignan > Montpellier
11,1930,4822,Stage 12 : Montpellier > Marseille
12,1930,4822,Stage 13 : Marseille > Cannes
13,1930,4822,Stage 14 : Cannes > Nice
14,1930,4822,Stage 15 : Nice > Grenoble
15,1930,4822,Stage 16 : Grenoble > Evian-les-Bains
16,1930,4822,Stage 17 : Evian-les-Bains > Belfort
17,1930,4822,Stage 18 : Belfort > Metz
18,1930,4822,Stage 19 : Metz > Charleville-Mézières
19,1930,4822,Stage 20 : Charleville-Mézières > Malo
20,1930,4822,Stage 21 : Malo > Paris
0,1931,5091,Stage 1 : Paris > Caen
1,1931,5091,Stage 2 : Caen > Dinan
2,1931,5091,Stage 3 : Dinan > Brest
3,1931,5091,Stage 4 : Brest > Vannes
4,1931,5091,Stage 5 : Vannes > Les Sables
5,1931,5091,Stage 6 : Les Sables > Bordeaux
6,1931,5091,Stage 7 : Bordeaux > Bayonne
7,1931,5091,Stage 8 : Bayonne > Pau
8,1931,5091,Stage 9 : Pau > Luchon
9,1931,5091,Stage 10 : Luchon > Perpignan
10,1931,5091,Stage 11 : Perpignan > Montpellier
11,1931,5091,Stage 12 : Montpellier > Marseille
12,1931,5091,Stage 13 : Marseille > Cannes
13,1931,5091,Stage 14 : Cannes > Nice
14,1931,5091,Stage 15 : Nice > Gap
15,1931,5091,Stage 16 : Gap > Grenoble
16,1931,5091,Stage 17 : Grenoble > Aix-les-Bains
17,1931,5091,Stage 18 : Aix-les-Bains > Evian-les-Bains
18,1931,5091,Stage 19 : Evian-les-Bains > Belfort
19,1931,5091,Stage 20 : Belfort > Colmar
20,1931,5091,Stage 21 : Colmar > Metz
21,1931,5091,Stage 22 : Metz > Charleville-Mézières
22,1931,5091,Stage 23 : Charleville-Mézières > Malo
23,1931,5091,Stage 24 : Malo > Paris
0,1932,4479,Stage 1 : Paris > Caen
1,1932,4479,Stage 2 : Caen > Nantes
2,1932,4479,Stage 3 : Nantes > Bordeaux
3,1932,4479,Stage 4 : Bordeaux > Pau
4,1932,4479,Stage 5 : Pau > Luchon
5,1932,4479,Stage 6 : Luchon > Perpignan
6,1932,4479,Stage 7 : Perpignan > Montpellier
7,1932,4479,Stage 8 : Montpellier > Marseille
8,1932,4479,Stage 9 : Marseille > Cannes
9,1932,4479,Stage 10 : Cannes > Nice
10,1932,4479,Stage 11 : Nice > Gap
11,1932,4479,Stage 12 : Gap > Grenoble
12,1932,4479,Stage 13 : Grenoble > Aix-les-Bains
13,1932,4479,Stage 14 : Aix-les-Bains > Evian-les-Bains
14,1932,4479,Stage 15 : Evian-les-Bains > Belfort
15,1932,4479,Stage 16 : Belfort > Strasbourg
16,1932,4479,Stage 17 : Strasbourg > Metz
17,1932,4479,Stage 18 : Metz > Charleville-Mézières
18,1932,4479,Stage 19 : Charleville-Mézières > Malo
19,1932,4479,Stage 20 : Malo > Amiens
20,1932,4479,Stage 21 : Amiens > Paris
0,1933,4395,Stage 1 : Paris > Lille
1,1933,4395,Stage 2 : Lille > Charleville-Mézières
2,1933,4395,Stage 3 : Charleville-Mézières > Metz
3,1933,4395,Stage 4 : Metz > Belfort
4,1933,4395,Stage 5 : Belfort > Evian-les-Bains
5,1933,4395,Stage 6 : Evian-les-Bains > Aix-les-Bains
6,1933,4395,Stage 7 : Aix-les-Bains > Grenoble
7,1933,4395,Stage 8 : Grenoble > Gap
8,1933,4395,Stage 9 : Gap > Digne-les-Bains
9,1933,4395,Stage 10 : Digne-les-Bains > Nice
10,1933,4395,Stage 11 : Nice > Cannes
11,1933,4395,Stage 12 : Cannes > Marseille
12,1933,4395,Stage 13 : Marseille > Montpellier
13,1933,4395,Stage 14 : Montpellier > Perpignan
14,1933,4395,Stage 15 : Perpignan > Ax-les-Thermes
15,1933,4395,Stage 16 : Ax-les-Thermes > Luchon
16,1933,4395,Stage 17 : Luchon > Tarbes
17,1933,4395,Stage 18 : Tarbes > Pau
18,1933,4395,Stage 19 : Pau > Bordeaux
19,1933,4395,Stage 20 : Bordeaux > La Rochelle
20,1933,4395,Stage 21 : La Rochelle > Rennes
21,1933,4395,Stage 22 : Rennes > Caen
22,1933,4395,Stage 23 : Caen > Paris
0,1934,4470,Stage 1 : Paris > Lille
1,1934,4470,Stage 2 : Lille > Charleville-Mézières
2,1934,4470,Stage 3 : Charleville-Mézières > Metz
3,1934,4470,Stage 4 : Metz > Belfort
4,1934,4470,Stage 5 : Belfort > Evian-les-Bains
5,1934,4470,Stage 6 : Evian-les-Bains > Aix-les-Bains
6,1934,4470,Stage 7 : Aix-les-Bains > Grenoble
7,1934,4470,Stage 8 : Grenoble > Gap
8,1934,4470,Stage 9 : Gap > Digne-les-Bains
9,1934,4470,Stage 10 : Digne-les-Bains > Nice
10,1934,4470,Stage 11 : Nice > Cannes
11,1934,4470,Stage 12 : Cannes > Marseille
12,1934,4470,Stage 13 : Marseille > Montpellier
13,1934,4470,Stage 14 : Montpellier > Perpignan
14,1934,4470,Stage 15 : Perpignan > Ax-les-Thermes
15,1934,4470,Stage 16 : Ax-les-Thermes > Luchon
16,1934,4470,Stage 17 : Luchon > Tarbes
17,1934,4470,Stage 18 : Tarbes > Pau
18,1934,4470,Stage 19 : Pau > Bordeaux
19,1934,4470,Stage 20 : Bordeaux > La Rochelle
20,1934,4470,Stage 21.1 : La Rochelle > La Roche-sur-Yon
21,1934,4470,Stage 21.2 : La Roche-sur-Yon > Nantes
22,1934,4470,Stage 22 : Nantes > Caen
23,1934,4470,Stage 23 : Caen > Paris
0,1935,4338,Stage 1 : Paris > Lille
1,1935,4338,Stage 2 : Lille > Charleville-Mézières
2,1935,4338,Stage 3 : Charleville-Mézières > Metz
3,1935,4338,Stage 4 : Metz > Belfort
4,1935,4338,Stage 5.1 : Belfort > Genève
5,1935,4338,Stage 5.2 : Genève > Evian-les-Bains
6,1935,4338,Stage 6 : Evian-les-Bains > Aix-les-Bains
7,1935,4338,Stage 7 : Aix-les-Bains > Grenoble
8,1935,4338,Stage 8 : Grenoble > Gap
9,1935,4338,Stage 9 : Gap > Digne-les-Bains
10,1935,4338,Stage 10 : Digne-les-Bains > Nice
11,1935,4338,Stage 11 : Nice > Cannes
12,1935,4338,Stage 12 : Cannes > Marseille
13,1935,4338,Stage 13.1 : Marseille > Nîmes
14,1935,4338,Stage 13.2 : Nîmes > Montpellier
15,1935,4338,Stage 14.1 : Montpellier > Narbonne
16,1935,4338,Stage 14.2 : Narbonne > Perpignan
17,1935,4338,Stage 15 : Perpignan > Luchon
18,1935,4338,Stage 16 : Luchon > Pau
19,1935,4338,Stage 17 : Pau > Bordeaux
20,1935,4338,Stage 18.1 : Bordeaux > Rochefort
21,1935,4338,Stage 18.2 : Rochefort > La Rochelle
22,1935,4338,Stage 19.1 : La Rochelle > La Roche-sur-Yon
23,1935,4338,Stage 19.2 : La Roche-sur-Yon > Nantes
24,1935,4338,Stage 20.1 : Nantes > Vire
25,1935,4338,Stage 20.2 : Vire > Caen
26,1935,4338,Stage 21 : Caen > Paris
0,1936,4442,Stage 1 : Paris > Lille
1,1936,4442,Stage 2 : Lille > Charleville-Mézières
2,1936,4442,Stage 3 : Charleville-Mézières > Metz
3,1936,4442,Stage 4 : Metz > Belfort
4,1936,4442,Stage 5 : Belfort > Evian-les-Bains
5,1936,4442,Stage 6 : Evian-les-Bains > Aix-les-Bains
6,1936,4442,Stage 7 : Aix-les-Bains > Grenoble
7,1936,4442,Stage 8 : Grenoble > Briançon
8,1936,4442,Stage 9 : Briançon > Digne-les-Bains
9,1936,4442,Stage 10 : Digne-les-Bains > Nice
10,1936,4442,Stage 11 : Nice > Cannes
11,1936,4442,Stage 12 : Cannes > Marseille
12,1936,4442,Stage 13.1 : Marseille > Nîmes
13,1936,4442,Stage 13.2 : Nîmes > Montpellier
14,1936,4442,Stage 14.1 : Montpellier > Narbonne
15,1936,4442,Stage 14.2 : Narbonne > Perpignan
16,1936,4442,Stage 15 : Perpignan > Luchon
17,1936,4442,Stage 16 : Luchon > Pau
18,1936,4442,Stage 17 : Pau > Bordeaux
19,1936,4442,Stage 18.1 : Bordeaux > Saintes
20,1936,4442,Stage 18.2 : Saintes > La Rochelle
21,1936,4442,Stage 19.1 : La Rochelle > La Roche-sur-Yon
22,1936,4442,Stage 19.2 : La Roche-sur-Yon > Cholet
23,1936,4442,Stage 19.3 : Cholet > Angers
24,1936,4442,Stage 20.1 : Angers > Vire
25,1936,4442,Stage 20.2 : Vire > Caen
26,1936,4442,Stage 21 : Caen > Paris
0,1937,4415,Stage 1 : Paris > Lille
1,1937,4415,Stage 2 : Lille > Charleville-Mézières
2,1937,4415,Stage 3 : Charleville-Mézières > Metz
3,1937,4415,Stage 4 : Metz > Belfort
4,1937,4415,Stage 5.1 : Belfort > Lons-le-Saunier
5,1937,4415,Stage 5.2 : Lons-le-Saunier > Champagnole
6,1937,4415,Stage 5.3 : Champagnole > Genève
7,1937,4415,Stage 6 : Genève > Aix-les-Bains
8,1937,4415,Stage 7 : Aix-les-Bains > Grenoble
9,1937,4415,Stage 8 : Grenoble > Briançon
10,1937,4415,Stage 9 : Briançon > Digne-les-Bains
11,1937,4415,Stage 10 : Digne-les-Bains > Nice
12,1937,4415,Stage 11.1 : Nice > Toulon
13,1937,4415,Stage 11.2 : Toulon > Marseille
14,1937,4415,Stage 12.1 : Marseille > Nîmes
15,1937,4415,Stage 12.2 : Nîmes > Montpellier
16,1937,4415,Stage 13.1 : Montpellier > Narbonne
17,1937,4415,Stage 13.2 : Narbonne > Perpignan
18,1937,4415,Stage 14.1 : Perpignan > Bourg-Madame
19,1937,4415,Stage 14.2 : Bourg-Madame > Ax-les-Thermes
20,1937,4415,Stage 14.3 : Ax-les-Thermes > Luchon
21,1937,4415,Stage 15 : Luchon > Pau
22,1937,4415,Stage 16 : Pau > Bordeaux
23,1937,4415,Stage 17.1 : Bordeaux > Royan
24,1937,4415,Stage 17.2 : Royan > Saintes
25,1937,4415,Stage 17.3 : Saintes > La Rochelle
26,1937,4415,Stage 18.1 : La Rochelle > La Roche-sur-Yon
27,1937,4415,Stage 18.2 : La Roche-sur-Yon > Rennes
28,1937,4415,Stage 19.1 : Rennes > Vire
29,1937,4415,Stage 19.2 : Vire > Caen
30,1937,4415,Stage 20 : Caen > Paris
0,1938,4694,Stage 1 : Paris > Caen
1,1938,4694,Stage 2 : Caen > Saint-Brieuc
2,1938,4694,Stage 3 : Saint-Brieuc > Nantes
3,1938,4694,Stage 4.1 : Nantes > La Roche-sur-Yon
4,1938,4694,Stage 4.2 : La Roche-sur-Yon > La Rochelle
5,1938,4694,Stage 4.3 : La Rochelle > Royan
6,1938,4694,Stage 5 : Royan > Bordeaux
7,1938,4694,Stage 6.1 : Bordeaux > Arcachon
8,1938,4694,Stage 6.2 : Arcachon > Bayonne
9,1938,4694,Stage 7 : Bayonne > Pau
10,1938,4694,Stage 8 : Pau > Luchon
11,1938,4694,Stage 9 : Luchon > Perpignan
12,1938,4694,Stage 10.1 : Perpignan > Narbonne
13,1938,4694,Stage 10.2 : Narbonne > Béziers
14,1938,4694,Stage 10.3 : Béziers > Montpellier
15,1938,4694,Stage 11 : Montpellier > Marseille
16,1938,4694,Stage 12 : Marseille > Cannes
17,1938,4694,Stage 13 : Cannes > Digne-les-Bains
18,1938,4694,Stage 14 : Digne-les-Bains > Briançon
19,1938,4694,Stage 15 : Briançon > Aix-les-Bains
20,1938,4694,Stage 16 : Aix-les-Bains > Besançon
21,1938,4694,Stage 17.2 : Belfort > Strasbourg
22,1938,4694,Stage 17.1 : Besançon > Belfort
23,1938,4694,Stage 18 : Strasbourg > Metz
24,1938,4694,Stage 19 : Metz > Reims
25,1938,4694,Stage 20.1 : Reims > Laon
26,1938,4694,Stage 20.2 : Laon > St-Quentin
27,1938,4694,Stage 20.3 : St-Quentin > Lille
28,1938,4694,Stage 21 : Lille > Paris
0,1939,4224,Stage 1 : Paris > Caen
1,1939,4224,Stage 2.1 : Caen > Vire
2,1939,4224,Stage 2.2 : Vire > Rennes
3,1939,4224,Stage 3 : Rennes > Brest
4,1939,4224,Stage 4 : Brest > Lorient
5,1939,4224,Stage 5 : Lorient > Nantes
6,1939,4224,Stage 6.1 : Nantes > La Rochelle
7,1939,4224,Stage 6.2 : La Rochelle > Royan
8,1939,4224,Stage 7 : Royan > Bordeaux
9,1939,4224,Stage 8.1 : Bordeaux > Salies-de-Béarn
10,1939,4224,Stage 8.2 : Salies-de-Béarn > Pau
11,1939,4224,Stage 9 : Pau > Toulouse
12,1939,4224,Stage 10.1 : Toulouse > Narbonne
13,1939,4224,Stage 10.2 : Narbonne > Béziers
14,1939,4224,Stage 10.3 : Béziers > Montpellier
15,1939,4224,Stage 11 : Montpellier > Marseille
16,1939,4224,Stage 12.1 : Marseille > Saint-Raphaël
17,1939,4224,Stage 12.2 : Saint-Raphaël > Monaco
18,1939,4224,Stage 13 : Monaco > Monaco
19,1939,4224,Stage 14 : Monaco > Digne-les-Bains
20,1939,4224,Stage 15 : Digne-les-Bains > Briançon
21,1939,4224,Stage 16.1 : Briançon > Bonneval-sur-Arc
22,1939,4224,Stage 16.2 : Bonneval-sur-Arc > Bourg Saint Maurice
23,1939,4224,Stage 16.3 : Bourg Saint Maurice > Annecy
24,1939,4224,Stage 17.1 : Annecy > Dole
25,1939,4224,Stage 17.2 : Dole > Dijon
26,1939,4224,Stage 18.1 : Dijon > Troyes
27,1939,4224,Stage 18.2 : Troyes > Paris
0,1947,4642,Stage 1 : Paris > Lille
1,1947,4642,Stage 2 : Lille > Bruxelles
2,1947,4642,Stage 3 : Bruxelles > Luxembourg
3,1947,4642,Stage 4 : Luxembourg > Strasbourg
4,1947,4642,Stage 5 : Strasbourg > Besançon
5,1947,4642,Stage 6 : Besançon > Lyon
6,1947,4642,Stage 7 : Lyon > Grenoble
7,1947,4642,Stage 8 : Grenoble > Briançon
8,1947,4642,Stage 9 : Briançon > Digne-les-Bains
9,1947,4642,Stage 10 : Digne-les-Bains > Nice
10,1947,4642,Stage 11 : Nice > Marseille
11,1947,4642,Stage 12 : Marseille > Montpellier
12,1947,4642,Stage 13 : Montpellier > Carcassonne
13,1947,4642,Stage 14 : Carcassonne > Luchon
14,1947,4642,Stage 15 : Luchon > Pau
15,1947,4642,Stage 16 : Pau > Bordeaux
16,1947,4642,Stage 17 : Bordeaux > Les Sables
17,1947,4642,Stage 18 : Les Sables > Nantes
18,1947,4642,Stage 19 : Vannes > Saint-Brieuc
19,1947,4642,Stage 20 : Saint-Brieuc > Caen
20,1947,4642,Stage 21 : Caen > Paris
0,1948,4922,Stage 1 : Paris > Trouville
1,1948,4922,Stage 2 : Trouville > Dinard
2,1948,4922,Stage 3 : Dinard > Nantes
3,1948,4922,Stage 4 : Nantes > La Rochelle
4,1948,4922,Stage 5 : La Rochelle > Bordeaux
5,1948,4922,Stage 6 : Bordeaux > Biarritz
6,1948,4922,Stage 7 : Biarritz > Lourdes
7,1948,4922,Stage 8 : Lourdes > Toulouse
8,1948,4922,Stage 9 : Toulouse > Montpellier
9,1948,4922,Stage 10 : Montpellier > Marseille
10,1948,4922,Stage 11 : Marseille > San Remo
11,1948,4922,Stage 12 : San Remo > Cannes
12,1948,4922,Stage 13 : Cannes > Briançon
13,1948,4922,Stage 14 : Briançon > Aix-les-Bains
14,1948,4922,Stage 15 : Aix-les-Bains > Lausanne
15,1948,4922,Stage 16 : Lausanne > Mulhouse
16,1948,4922,Stage 17 : Mulhouse > Strasbourg
17,1948,4922,Stage 18 : Strasbourg > Metz
18,1948,4922,Stage 19 : Metz > Liège
19,1948,4922,Stage 20 : Liège > Roubaix
20,1948,4922,Stage 21 : Roubaix > Paris
0,1949,4808,Stage 1 : Paris > Reims
1,1949,4808,Stage 2 : Reims > Bruxelles
2,1949,4808,Stage 3 : Bruxelles > Boulogne-sur-Mer
3,1949,4808,Stage 4 : Boulogne-sur-Mer > Rouen
4,1949,4808,Stage 5 : Rouen > Saint-Malo
5,1949,4808,Stage 6 : Saint-Malo > Les Sables
6,1949,4808,Stage 7 : Les Sables > La Rochelle
7,1949,4808,Stage 8 : La Rochelle > Bordeaux
8,1949,4808,Stage 9 : Bordeaux > Saint-Sébastien
9,1949,4808,Stage 10 : Saint-Sébastien > Pau
10,1949,4808,Stage 11 : Pau > Luchon
11,1949,4808,Stage 12 : Luchon > Toulouse
12,1949,4808,Stage 13 : Toulouse > Nîmes
13,1949,4808,Stage 14 : Nîmes > Marseille
14,1949,4808,Stage 15 : Marseille > Cannes
15,1949,4808,Stage 16 : Cannes > Briançon
16,1949,4808,Stage 17 : Briançon > Aoste
17,1949,4808,Stage 18 : Aoste > Lausanne
18,1949,4808,Stage 19 : Lausanne > Colmar
19,1949,4808,Stage 20 : Colmar > Nancy
20,1949,4808,Stage 21 : Nancy > Paris
0,1950,4773,Stage 1 : Paris > Metz
1,1950,4773,Stage 2 : Metz > Liège
2,1950,4773,Stage 3 : Liège > Lille
3,1950,4773,Stage 4 : Lille > Rouen
4,1950,4773,Stage 5 : Rouen > Dinard
5,1950,4773,Stage 6 : Dinard > Saint-Brieuc
6,1950,4773,Stage 7 : Saint-Brieuc > Angers
7,1950,4773,Stage 8 : Angers > Niort
8,1950,4773,Stage 9 : Niort > Bordeaux
9,1950,4773,Stage 10 : Bordeaux > Pau
10,1950,4773,Stage 11 : Pau > Saint Gaudens
11,1950,4773,Stage 12 : Saint Gaudens > Perpignan
12,1950,4773,Stage 13 : Perpignan > Nîmes
13,1950,4773,Stage 14 : Nîmes > Toulon
14,1950,4773,Stage 15 : Toulon > Menton
15,1950,4773,Stage 16 : Menton > Nice
16,1950,4773,Stage 17 : Nice > Gap
17,1950,4773,Stage 18 : Gap > Briançon
18,1950,4773,Stage 19 : Briançon > Saint-Etienne
19,1950,4773,Stage 20 : Saint-Etienne > Lyon
20,1950,4773,Stage 21 : Lyon > Dijon
21,1950,4773,Stage 22 : Dijon > Paris
0,1951,4690,Stage 1 : Metz > Reims
1,1951,4690,Stage 2 : Reims > Gand
2,1951,4690,Stage 3 : Gand > Le Tréport
3,1951,4690,Stage 4 : Le Tréport > Paris
4,1951,4690,Stage 5 : Paris > Caen
5,1951,4690,Stage 6 : Caen > Rennes
6,1951,4690,Stage 7 : La Guerche > Angers
7,1951,4690,Stage 8 : Angers > Limoges
8,1951,4690,Stage 9 : Limoges > Clermont-Ferrand
9,1951,4690,Stage 10 : Clermont-Ferrand > Brive-la-Gaillarde
10,1951,4690,Stage 11 : Brive-la-Gaillarde > Agen
11,1951,4690,Stage 12 : Agen > Dax
12,1951,4690,Stage 13 : Dax > Tarbes
13,1951,4690,Stage 14 : Tarbes > Luchon
14,1951,4690,Stage 15 : Luchon > Carcassonne
15,1951,4690,Stage 16 : Carcassonne > Montpellier
16,1951,4690,Stage 17 : Montpellier > Avignon
17,1951,4690,Stage 18 : Avignon > Marseille
18,1951,4690,Stage 19 : Marseille > Gap
19,1951,4690,Stage 20 : Gap > Briançon
20,1951,4690,Stage 21 : Briançon > Aix-les-Bains
21,1951,4690,Stage 22 : Aix-les-Bains > Genève
22,1951,4690,Stage 23 : Genève > Dijon
23,1951,4690,Stage 24 : Dijon > Paris
0,1952,4898,Stage 1 : Brest > Rennes
1,1952,4898,Stage 2 : Rennes > Le Mans
2,1952,4898,Stage 3 : Le Mans > Rouen
3,1952,4898,Stage 4 : Rouen > Roubaix
4,1952,4898,Stage 5 : Roubaix > Namur
5,1952,4898,Stage 6 : Namur > Metz
6,1952,4898,Stage 7 : Metz > Nancy
7,1952,4898,Stage 8 : Nancy > Mulhouse
8,1952,4898,Stage 9 : Mulhouse > Lausanne
9,1952,4898,Stage 10 : Lausanne > Alpe d'Huez
10,1952,4898,Stage 11 : Bourg-d'Oisans > Sestrières
11,1952,4898,Stage 12 : Sestrières > Monaco
12,1952,4898,Stage 13 : Monaco > Aix en Provence
13,1952,4898,Stage 14 : Aix en Provence > Avignon
14,1952,4898,Stage 15 : Avignon > Perpignan
15,1952,4898,Stage 16 : Perpignan > Toulouse
16,1952,4898,Stage 17 : Toulouse > Bagnères-de-Bigorre
17,1952,4898,Stage 18 : Bagnères-de-Bigorre > Pau
18,1952,4898,Stage 19 : Pau > Bordeaux
19,1952,4898,Stage 20 : Bordeaux > Limoges
20,1952,4898,Stage 21 : Limoges > Puy de Dôme
21,1952,4898,Stage 22 : Puy de Dôme > Vichy
22,1952,4898,Stage 23 : Vichy > Paris
0,1953,4476,Stage 1 : Strasbourg > Metz
1,1953,4476,Stage 2 : Metz > Liège
2,1953,4476,Stage 3 : Liège > Lille
3,1953,4476,Stage 4 : Lille > Dieppe
4,1953,4476,Stage 5 : Dieppe > Caen
5,1953,4476,Stage 6 : Caen > Le Mans
6,1953,4476,Stage 7 : Le Mans > Nantes
7,1953,4476,Stage 8 : Nantes > Bordeaux
8,1953,4476,Stage 9 : Bordeaux > Pau
9,1953,4476,Stage 10 : Pau > Cauterets
10,1953,4476,Stage 11 : Cauterets > Luchon
11,1953,4476,Stage 12 : Luchon > Albi
12,1953,4476,Stage 13 : Albi > Béziers
13,1953,4476,Stage 14 : Béziers > Nîmes
14,1953,4476,Stage 15 : Nîmes > Marseille
15,1953,4476,Stage 16 : Marseille > Monaco
16,1953,4476,Stage 17 : Monaco > Gap
17,1953,4476,Stage 18 : Gap > Briançon
18,1953,4476,Stage 19 : Briançon > Lyon
19,1953,4476,Stage 20 : Lyon > Saint-Etienne
20,1953,4476,Stage 21 : Saint-Etienne > Montluçon
21,1953,4476,Stage 22 : Montluçon > Paris
0,1954,4656,Stage 1 : Amsterdam > Anvers Brasschaat
1,1954,4656,Stage 2 : Anvers Brasschaat > Lille
2,1954,4656,Stage 3 : Lille > Rouen
3,1954,4656,Stage 4.1 : Rouen > Les Essarts
4,1954,4656,Stage 4.2 : Les Essarts > Caen
5,1954,4656,Stage 5 : Caen > Saint-Brieuc
6,1954,4656,Stage 6 : Saint-Brieuc > Brest
7,1954,4656,Stage 7 : Brest > Vannes
8,1954,4656,Stage 8 : Vannes > Angers
9,1954,4656,Stage 9 : Angers > Bordeaux
10,1954,4656,Stage 10 : Bordeaux > Bayonne
11,1954,4656,Stage 11 : Bayonne > Pau
12,1954,4656,Stage 12 : Pau > Luchon
13,1954,4656,Stage 13 : Luchon > Toulouse
14,1954,4656,Stage 14 : Toulouse > Millau
15,1954,4656,Stage 15 : Millau > Le Puy en Velay
16,1954,4656,Stage 16 : Le Puy en Velay > Lyon
17,1954,4656,Stage 17 : Lyon > Grenoble
18,1954,4656,Stage 18 : Grenoble > Briançon
19,1954,4656,Stage 19 : Briançon > Aix-les-Bains
20,1954,4656,Stage 20 : Aix-les-Bains > Besançon
21,1954,4656,Stage 21.1 : Besançon > Epinal
22,1954,4656,Stage 21.2 : Epinal > Nancy
23,1954,4656,Stage 22 : Nancy > Troyes
24,1954,4656,Stage 23 : Troyes > Paris
0,1955,4495,Stage 1.1 : Le Havre > Dieppe
1,1955,4495,Stage 1.2 : Dieppe > Dieppe
2,1955,4495,Stage 2 : Dieppe > Roubaix
3,1955,4495,Stage 3 : Roubaix > Namur
4,1955,4495,Stage 4 : Namur > Metz
5,1955,4495,Stage 5 : Metz > Colmar
6,1955,4495,Stage 6 : Colmar > Zurich
7,1955,4495,Stage 7 : Zurich > Thonon
8,1955,4495,Stage 8 : Thonon > Briançon
9,1955,4495,Stage 9 : Briançon > Monaco
10,1955,4495,Stage 10 : Monaco > Marseille
11,1955,4495,Stage 11 : Marseille > Avignon
12,1955,4495,Stage 12 : Avignon > Millau
13,1955,4495,Stage 13 : Millau > Albi
14,1955,4495,Stage 14 : Albi > Narbonne
15,1955,4495,Stage 15 : Narbonne > Ax-les-Thermes
16,1955,4495,Stage 16 : Ax-les-Thermes > Toulouse
17,1955,4495,Stage 17 : Toulouse > Saint Gaudens
18,1955,4495,Stage 18 : Saint Gaudens > Pau
19,1955,4495,Stage 19 : Pau > Bordeaux
20,1955,4495,Stage 20 : Bordeaux > Poitiers
21,1955,4495,Stage 21 : Châtellerault > Tours
22,1955,4495,Stage 22 : Tours > Paris
0,1956,4498,Stage 1 : Reims > Liège
1,1956,4498,Stage 2 : Liège > Lille
2,1956,4498,Stage 3.1 : Lille > Rouen
3,1956,4498,Stage 3.2 : Les Essarts > Les Essarts
4,1956,4498,Stage 4 : Rouen > Caen
5,1956,4498,Stage 5 : Caen > Saint-Malo
6,1956,4498,Stage 6 : Saint-Malo > Lorient
7,1956,4498,Stage 7 : Lorient > Angers
8,1956,4498,Stage 8 : Angers > La Rochelle
9,1956,4498,Stage 9 : La Rochelle > Bordeaux
10,1956,4498,Stage 10 : Bordeaux > Bayonne
11,1956,4498,Stage 11 : Bayonne > Pau
12,1956,4498,Stage 12 : Pau > Luchon
13,1956,4498,Stage 13 : Luchon > Toulouse
14,1956,4498,Stage 14 : Toulouse > Montpellier
15,1956,4498,Stage 15 : Montpellier > Aix en Provence
16,1956,4498,Stage 16 : Aix en Provence > Gap
17,1956,4498,Stage 17 : Gap > Turin
18,1956,4498,Stage 18 : Turin > Grenoble
19,1956,4498,Stage 19 : Grenoble > Saint-Etienne
20,1956,4498,Stage 20 : Saint-Etienne > Lyon
21,1956,4498,Stage 21 : Lyon > Montluçon
22,1956,4498,Stage 22 : Montluçon > Paris
0,1957,4669,Stage 1 : Nantes > Granville
1,1957,4669,Stage 2 : Granville > Caen
2,1957,4669,Stage 3.1 : Caen > Caen
3,1957,4669,Stage 3.2 : Caen > Rouen
4,1957,4669,Stage 4 : Rouen > Roubaix
5,1957,4669,Stage 5 : Roubaix > Charleroi
6,1957,4669,Stage 6 : Charleroi > Metz
7,1957,4669,Stage 7 : Metz > Colmar
8,1957,4669,Stage 8 : Colmar > Besançon
9,1957,4669,Stage 9 : Besançon > Thonon
10,1957,4669,Stage 10 : Thonon > Briançon
11,1957,4669,Stage 11 : Briançon > Cannes
12,1957,4669,Stage 12 : Cannes > Marseille
13,1957,4669,Stage 13 : Marseille > Alès
14,1957,4669,Stage 14 : Alès > Perpignan
15,1957,4669,Stage 15.1 : Perpignan > Barcelone
16,1957,4669,Stage 15.2 : Barcelone > Barcelone
17,1957,4669,Stage 16 : Barcelone > Ax-les-Thermes
18,1957,4669,Stage 17 : Ax-les-Thermes > Saint Gaudens
19,1957,4669,Stage 18 : Saint Gaudens > Pau
20,1957,4669,Stage 19 : Pau > Bordeaux
21,1957,4669,Stage 20 : Bordeaux > Libourne
22,1957,4669,Stage 21 : Libourne > Tours
23,1957,4669,Stage 22 : Tours > Paris
0,1958,4319,Stage 1 : Bruxelles > Gand
1,1958,4319,Stage 2 : Gand > Dunkerque
2,1958,4319,Stage 3 : Dunkerque > Le Tréport
3,1958,4319,Stage 4 : Le Tréport > Versailles
4,1958,4319,Stage 5 : Versailles > Caen
5,1958,4319,Stage 6 : Caen > Saint-Brieuc
6,1958,4319,Stage 7 : Saint-Brieuc > Brest
7,1958,4319,Stage 8 : Chateaulin > Chateaulin
8,1958,4319,Stage 9 : Quimper > Saint Nazaire
9,1958,4319,Stage 10 : Saint Nazaire > Royan
10,1958,4319,Stage 11 : Royan > Bordeaux
11,1958,4319,Stage 12 : Bordeaux > Dax
12,1958,4319,Stage 13 : Dax > Pau
13,1958,4319,Stage 14 : Pau > Luchon
14,1958,4319,Stage 15 : Luchon > Toulouse
15,1958,4319,Stage 16 : Toulouse > Béziers
16,1958,4319,Stage 17 : Béziers > Nîmes
17,1958,4319,Stage 18 : Mont Ventoux > Mont Ventoux
18,1958,4319,Stage 19 : Carpentras > Gap
19,1958,4319,Stage 20 : Gap > Briançon
20,1958,4319,Stage 21 : Briançon > Aix-les-Bains
21,1958,4319,Stage 22 : Aix-les-Bains > Besançon
22,1958,4319,Stage 23 : Besançon > Dijon
23,1958,4319,Stage 24 : Dijon > Paris
0,1959,4358,Stage 1 : Mulhouse > Metz
1,1959,4358,Stage 2 : Metz > Namur
2,1959,4358,Stage 3 : Namur > Roubaix
3,1959,4358,Stage 4 : Roubaix > Rouen
4,1959,4358,Stage 5 : Rouen > Rennes
5,1959,4358,Stage 6 : Blain > Nantes
6,1959,4358,Stage 7 : Nantes > La Rochelle
7,1959,4358,Stage 8 : La Rochelle > Bordeaux
8,1959,4358,Stage 9 : Bordeaux > Bayonne
9,1959,4358,Stage 10 : Bayonne > Bagnères-de-Bigorre
10,1959,4358,Stage 11 : Bagnères-de-Bigorre > Saint Gaudens
11,1959,4358,Stage 12 : Saint Gaudens > Albi
12,1959,4358,Stage 13 : Albi > Aurillac
13,1959,4358,Stage 14 : Aurillac > Clermont-Ferrand
14,1959,4358,Stage 15 : Clermont-Ferrand > Puy de Dôme
15,1959,4358,Stage 16 : Clermont-Ferrand > Saint-Etienne
16,1959,4358,Stage 17 : Saint-Etienne > Grenoble
17,1959,4358,Stage 18 : Grenoble > Saint-Vincent d'Aoste
18,1959,4358,Stage 19 : Saint-Vincent d'Aoste > Annecy
19,1959,4358,Stage 20 : Annecy > Chalon-sur-Saône
20,1959,4358,Stage 21 : Seurre > Dijon
21,1959,4358,Stage 22 : Dijon > Paris
0,1960,4173,Stage 1.1 : Lille > Bruxelles
1,1960,4173,Stage 1.2 : Bruxelles > Bruxelles
2,1960,4173,Stage 2 : Bruxelles > Dunkerque
3,1960,4173,Stage 3 : Dunkerque > Dieppe
4,1960,4173,Stage 4 : Dieppe > Caen
5,1960,4173,Stage 5 : Caen > Saint-Malo
6,1960,4173,Stage 6 : Saint-Malo > Lorient
7,1960,4173,Stage 7 : Lorient > Angers
8,1960,4173,Stage 8 : Angers > Limoges
9,1960,4173,Stage 9 : Limoges > Bordeaux
10,1960,4173,Stage 10 : Mont de Marsan > Pau
11,1960,4173,Stage 11 : Pau > Luchon
12,1960,4173,Stage 12 : Luchon > Toulouse
13,1960,4173,Stage 13 : Toulouse > Millau
14,1960,4173,Stage 14 : Millau > Avignon
15,1960,4173,Stage 15 : Avignon > Gap
16,1960,4173,Stage 16 : Gap > Briançon
17,1960,4173,Stage 17 : Briançon > Aix-les-Bains
18,1960,4173,Stage 18 : Aix-les-Bains > Thonon
19,1960,4173,Stage 19 : Pontarlier > Besançon
20,1960,4173,Stage 20 : Besançon > Troyes
21,1960,4173,Stage 21 : Troyes > Paris
0,1961,4397,Stage 1.1 : Rouen > Versailles
1,1961,4397,Stage 1.2 : Versailles > Versailles
2,1961,4397,Stage 2 : Pontoise > Roubaix
3,1961,4397,Stage 3 : Roubaix > Charleroi
4,1961,4397,Stage 4 : Charleroi > Metz
5,1961,4397,Stage 5 : Metz > Strasbourg
6,1961,4397,Stage 6 : Strasbourg > Belfort
7,1961,4397,Stage 7 : Belfort > Chalon-sur-Saône
8,1961,4397,Stage 8 : Chalon-sur-Saône > Saint-Etienne
9,1961,4397,Stage 9 : Saint-Etienne > Grenoble
10,1961,4397,Stage 10 : Grenoble > Turin
11,1961,4397,Stage 11 : Turin > Antibes
12,1961,4397,Stage 12 : Antibes > Aix en Provence
13,1961,4397,Stage 13 : Aix en Provence > Montpellier
14,1961,4397,Stage 14 : Montpellier > Perpignan
15,1961,4397,Stage 15 : Perpignan > Toulouse
16,1961,4397,Stage 16 : Toulouse > Superbagnères
17,1961,4397,Stage 17 : Luchon > Pau
18,1961,4397,Stage 18 : Pau > Bordeaux
19,1961,4397,Stage 19 : Bergerac > Périgueux
20,1961,4397,Stage 20 : Périgueux > Tours
21,1961,4397,Stage 21 : Tours > Paris
0,1962,4274,Stage 1 : Nancy > Spa
1,1962,4274,Stage 2.1 : Spa > Herenthals
2,1962,4274,Stage 2.2 : Herenthals > Herenthals
3,1962,4274,Stage 3 : Bruxelles > Amiens
4,1962,4274,Stage 4 : Amiens > Le Havre
5,1962,4274,Stage 5 : Pont l'Evêque > Saint-Malo
6,1962,4274,Stage 6 : Dinard > Brest
7,1962,4274,Stage 7 : Quimper > Saint Nazaire
8,1962,4274,Stage 8.1 : Saint Nazaire > Luçon
9,1962,4274,Stage 8.2 : Luçon > La Rochelle
10,1962,4274,Stage 9 : La Rochelle > Bordeaux
11,1962,4274,Stage 10 : Bordeaux > Bayonne
12,1962,4274,Stage 11 : Bayonne > Pau
13,1962,4274,Stage 12 : Pau > Saint Gaudens
14,1962,4274,Stage 13 : Luchon > Superbagnères
15,1962,4274,Stage 14 : Luchon > Carcassonne
16,1962,4274,Stage 15 : Carcassonne > Montpellier
17,1962,4274,Stage 16 : Montpellier > Aix en Provence
18,1962,4274,Stage 17 : Aix en Provence > Antibes
19,1962,4274,Stage 18 : Antibes > Briançon
20,1962,4274,Stage 19 : Briançon > Aix-les-Bains
21,1962,4274,Stage 20 : Bourgoin > Lyon
22,1962,4274,Stage 21 : Lyon > Nevers
23,1962,4274,Stage 22 : Nevers > Paris
0,1963,4138,Stage 1 : Paris > Épernay
1,1963,4138,Stage 2.1 : Reims > Jambes
2,1963,4138,Stage 2.2 : Jambes > Jambes
3,1963,4138,Stage 3 : Jambes > Roubaix
4,1963,4138,Stage 4 : Roubaix > Rouen
5,1963,4138,Stage 5 : Rouen > Rennes
6,1963,4138,Stage 6.1 : Rennes > Angers
7,1963,4138,Stage 6.2 : Angers > Angers
8,1963,4138,Stage 7 : Angers > Limoges
9,1963,4138,Stage 8 : Limoges > Bordeaux
10,1963,4138,Stage 9 : Bordeaux > Pau
11,1963,4138,Stage 10 : Pau > Bagnères-de-Bigorre
12,1963,4138,Stage 11 : Bagnères-de-Bigorre > Luchon
13,1963,4138,Stage 12 : Luchon > Toulouse
14,1963,4138,Stage 13 : Toulouse > Aurillac
15,1963,4138,Stage 14 : Aurillac > Saint-Etienne
16,1963,4138,Stage 15 : Saint-Etienne > Grenoble
17,1963,4138,Stage 16 : Grenoble > val_d_isere
18,1963,4138,Stage 17 : val_d_isere > Chamonix
19,1963,4138,Stage 18 : Chamonix > Lons-le-Saunier
20,1963,4138,Stage 19 : Arbois > Besançon
21,1963,4138,Stage 20 : Besançon > Troyes
22,1963,4138,Stage 21 : Troyes > Paris
0,1964,4504,Stage 1 : Rennes > Lisieux
1,1964,4504,Stage 2 : Lisieux > Amiens
2,1964,4504,Stage 3.1 : Amiens > Forest
3,1964,4504,Stage 3.2 : Forest > Forest
4,1964,4504,Stage 4 : Forest > Metz
5,1964,4504,Stage 5 : Lunéville > Fribourg
6,1964,4504,Stage 6 : Fribourg > Besançon
7,1964,4504,Stage 7 : Champagnole > Thonon
8,1964,4504,Stage 8 : Thonon > Briançon
9,1964,4504,Stage 9 : Briançon > Monaco
10,1964,4504,Stage 10.1 : Monaco > Hyères
11,1964,4504,Stage 10.2 : Hyères > Toulon
12,1964,4504,Stage 11 : Toulon > Montpellier
13,1964,4504,Stage 12 : Montpellier > Perpignan
14,1964,4504,Stage 13 : Perpignan > Andorre
15,1964,4504,Stage 14 : Andorre > Toulouse
16,1964,4504,Stage 15 : Toulouse > Luchon
17,1964,4504,Stage 16 : Luchon > Pau
18,1964,4504,Stage 17 : Peyrehorade > Bayonne
19,1964,4504,Stage 18 : Bayonne > Bordeaux
20,1964,4504,Stage 19 : Bordeaux > Brive-la-Gaillarde
21,1964,4504,Stage 20 : Brive-la-Gaillarde > Puy de Dôme
22,1964,4504,Stage 21 : Clermont-Ferrand > Orléans
23,1964,4504,Stage 22.1 : Orléans > Versailles
24,1964,4504,Stage 22.2 : Versailles > Paris
0,1965,4188,Stage 1.1 : Cologne > Liège
1,1965,4188,Stage 1.2 : Liège > Liège
2,1965,4188,Stage 2 : Liège > Roubaix
3,1965,4188,Stage 3 : Roubaix > Rouen
4,1965,4188,Stage 4 : Caen > Saint-Brieuc
5,1965,4188,Stage 5.1 : Saint-Brieuc > Chateaulin
6,1965,4188,Stage 5.2 : Chateaulin > Chateaulin
7,1965,4188,Stage 6 : Quimper > La Baule
8,1965,4188,Stage 7 : La Baule > La Rochelle
9,1965,4188,Stage 8 : La Rochelle > Bordeaux
10,1965,4188,Stage 9 : Dax > Bagnères-de-Bigorre
11,1965,4188,Stage 10 : Bagnères-de-Bigorre > Ax-les-Thermes
12,1965,4188,Stage 11 : Ax-les-Thermes > Barcelone
13,1965,4188,Stage 12 : Barcelone > Perpignan
14,1965,4188,Stage 16 : Gap > Briançon
15,1965,4188,Stage 13 : Perpignan > Montpellier
16,1965,4188,Stage 14 : Montpellier > Mont Ventoux
17,1965,4188,Stage 15 : Carpentras > Gap
18,1965,4188,Stage 17 : Briançon > Aix-les-Bains
19,1965,4188,Stage 18 : Aix-les-Bains > Mont Revard
20,1965,4188,Stage 19 : Mont Revard > Lyon
21,1965,4188,Stage 20 : Lyon > Auxerre
22,1965,4188,Stage 21 : Auxerre > Versailles
23,1965,4188,Stage 22 : Versailles > Paris
0,1966,4329,Stage 1 : Nancy > Charleville-Mézières
1,1966,4329,Stage 2 : Charleville-Mézières > Tournai
2,1966,4329,Stage 3.1 : Tournai > Tournai
3,1966,4329,Stage 3.2 : Tournai > Dunkerque
4,1966,4329,Stage 4 : Dunkerque > Dieppe
5,1966,4329,Stage 5 : Dieppe > Caen
6,1966,4329,Stage 6 : Caen > Angers
7,1966,4329,Stage 7 : Angers > Royan
8,1966,4329,Stage 8 : Royan > Bordeaux
9,1966,4329,Stage 9 : Bordeaux > Bayonne
10,1966,4329,Stage 10 : Bayonne > Pau
11,1966,4329,Stage 11 : Pau > Luchon
12,1966,4329,Stage 12 : Luchon > Revel
13,1966,4329,Stage 13 : Revel > Sète
14,1966,4329,Stage 14.1 : Montpellier > Aubenas
15,1966,4329,Stage 14.2 : Aubenas > Vals-les-Bains
16,1966,4329,Stage 15 : Privas > Bourg-d'Oisans
17,1966,4329,Stage 16 : Bourg-d'Oisans > Briançon
18,1966,4329,Stage 17 : Briançon > Turin
19,1966,4329,Stage 18 : Ivrea > Chamonix
20,1966,4329,Stage 19 : Chamonix > Saint-Etienne
21,1966,4329,Stage 20 : Saint-Etienne > Montluçon
22,1966,4329,Stage 21 : Montluçon > Orléans
23,1966,4329,Stage 22.1 : Orléans > Rambouillet
24,1966,4329,Stage 22.2 : Rambouillet > Paris
0,1967,4779,Prologue : Angers > Angers
1,1967,4779,Stage 1 : Angers > Saint-Malo
2,1967,4779,Stage 2 : Saint-Malo > Caen
3,1967,4779,Stage 3 : Caen > Amiens
4,1967,4779,Stage 4 : Amiens > Roubaix
5,1967,4779,Stage 5.1 : Roubaix > Jambes
6,1967,4779,Stage 5.2 : Jambes > Jambes
7,1967,4779,Stage 6 : Jambes > Metz
8,1967,4779,Stage 7 : Metz > Strasbourg
9,1967,4779,Stage 8 : Strasbourg > Ballon d'Alsace
10,1967,4779,Stage 9 : Belfort > Divonne
11,1967,4779,Stage 10 : Divonne > Briançon
12,1967,4779,Stage 11 : Briançon > Digne-les-Bains
13,1967,4779,Stage 12 : Digne-les-Bains > Marseille
14,1967,4779,Stage 13 : Marseille > Carpentras
15,1967,4779,Stage 14 : Carpentras > Sète
16,1967,4779,Stage 15 : Sète > Toulouse
17,1967,4779,Stage 16 : Toulouse > Luchon
18,1967,4779,Stage 17 : Luchon > Pau
19,1967,4779,Stage 18 : Pau > Bordeaux
20,1967,4779,Stage 19 : Bordeaux > Limoges
21,1967,4779,Stage 20 : Limoges > Puy de Dôme
22,1967,4779,Stage 21 : Clermont-Ferrand > Fontainebleau
23,1967,4779,Stage 22.1 : Fontainebleau > Versailles
24,1967,4779,Stage 22.2 : Versailles > Paris
0,1968,4492,Prologue : Vittel > Vittel
1,1968,4492,Stage 1 : Vittel > Esch-sur-Alzette
2,1968,4492,Stage 2 : Arlon > Forest
3,1968,4492,Stage 3.1 : Forest > Forest
4,1968,4492,Stage 3.2 : Forest > Roubaix
5,1968,4492,Stage 4 : Roubaix > Rouen
6,1968,4492,Stage 5.1 : Rouen > Bagnoles-de-l'Orne
7,1968,4492,Stage 5.2 : Bagnoles-de-l'Orne > Dinard
8,1968,4492,Stage 6 : Dinard > Lorient
9,1968,4492,Stage 7 : Lorient > Nantes
10,1968,4492,Stage 8 : Nantes > Royan
11,1968,4492,Stage 9 : Royan > Bordeaux
12,1968,4492,Stage 10 : Bordeaux > Bayonne
13,1968,4492,Stage 11 : Bayonne > Pau
14,1968,4492,Stage 12 : Pau > Saint Gaudens
15,1968,4492,Stage 13 : Saint Gaudens > Seo de Urgel
16,1968,4492,Stage 14 : Seo de Urgel > Canet-Plage
17,1968,4492,Stage 15 : Font Romeu > Albi
18,1968,4492,Stage 16 : Albi > Aurillac
19,1968,4492,Stage 17 : Aurillac > Saint-Etienne
20,1968,4492,Stage 18 : Saint-Etienne > Grenoble
21,1968,4492,Stage 19 : Grenoble > Sallanches
22,1968,4492,Stage 20 : Sallanches > Besançon
23,1968,4492,Stage 21 : Besançon > Auxerre
24,1968,4492,Stage 22.1 : Auxerre > Melun
25,1968,4492,Stage 22.2 : Melun > Paris
0,1969,4117,Prologue : Roubaix > Roubaix
1,1969,4117,Stage 1.1 : Roubaix > Woluwé-Saint-Pierre
2,1969,4117,Stage 1.2 : Woluwé-Saint-Pierre > Woluwé-Saint-Pierre
3,1969,4117,Stage 2 : Woluwé-Saint-Pierre > Maastricht
4,1969,4117,Stage 3 : Maastricht > Charleville-Mézières
5,1969,4117,Stage 4 : Charleville-Mézières > Nancy
6,1969,4117,Stage 5 : Nancy > Mulhouse
7,1969,4117,Stage 6 : Mulhouse > Ballon d'Alsace
8,1969,4117,Stage 7 : Belfort > Divonne
9,1969,4117,Stage 8.1 : Divonne > Divonne
10,1969,4117,Stage 8.2 : Divonne > Thonon
11,1969,4117,Stage 9 : Thonon > Chamonix
12,1969,4117,Stage 10 : Chamonix > Briançon
13,1969,4117,Stage 11 : Briançon > Digne-les-Bains
14,1969,4117,Stage 12 : Digne-les-Bains > Aubagne
15,1969,4117,Stage 13 : Aubagne > La Grande-Motte
16,1969,4117,Stage 14 : La Grande-Motte > Revel
17,1969,4117,Stage 15 : Revel > Revel
18,1969,4117,Stage 16 : Castelnaudary > Luchon
19,1969,4117,Stage 17 : Luchon > Mourenx
20,1969,4117,Stage 18 : Mourenx > Bordeaux
21,1969,4117,Stage 19 : Libourne > Brive-la-Gaillarde
22,1969,4117,Stage 20 : Brive-la-Gaillarde > Puy de Dôme
23,1969,4117,Stage 21 : Clermont-Ferrand > Montargis
24,1969,4117,Stage 22.1 : Montargis > Créteil
25,1969,4117,Stage 22.2 : Créteil > Paris
0,1970,4254,Prologue : Limoges > Limoges
1,1970,4254,Stage 1 : Limoges > La Rochelle
2,1970,4254,Stage 2 : La Rochelle > Angers
3,1970,4254,Stage 3.1 : Angers > Angers
4,1970,4254,Stage 3.2 : Angers > Rennes
5,1970,4254,Stage 4 : Rennes > Lisieux
6,1970,4254,Stage 5.1 : Lisieux > Rouen
7,1970,4254,Stage 5.2 : Rouen > Amiens
8,1970,4254,Stage 6 : Amiens > Valenciennes
9,1970,4254,Stage 7.1 : Valenciennes > Forest
10,1970,4254,Stage 7.2 : Forest > Forest
11,1970,4254,Stage 8 : Ciney > Feldsberg
12,1970,4254,Stage 9 : Sarrelouis > Mulhouse
13,1970,4254,Stage 10 : Belfort > Divonne
14,1970,4254,Stage 11.1 : Divonne > Divonne
15,1970,4254,Stage 11.2 : Divonne > Thonon
16,1970,4254,Stage 12 : Thonon > Grenoble
17,1970,4254,Stage 13 : Grenoble > Gap
18,1970,4254,Stage 14 : Gap > Mont Ventoux
19,1970,4254,Stage 15 : Carpentras > Montpellier
20,1970,4254,Stage 16 : Montpellier > Toulouse
21,1970,4254,Stage 17 : Toulouse > Saint Gaudens
22,1970,4254,Stage 18 : Saint Gaudens > La Mongie
23,1970,4254,Stage 19 : Bagnères-de-Bigorre > Mourenx
24,1970,4254,Stage 20.1 : Mourenx > Bordeaux
25,1970,4254,Stage 20.2 : Bordeaux > Bordeaux
26,1970,4254,Stage 21 : Ruffec > Tours
27,1970,4254,Stage 22 : Tours > Versailles
28,1970,4254,Stage 23 : Versailles > Paris
0,1971,3608,Prologue : Mulhouse > Mulhouse
1,1971,3608,Stage 1.1 : Mulhouse > Bâle
2,1971,3608,Stage 1.2 : Bâle > Fribourg
3,1971,3608,Stage 1.3 : Fribourg > Mulhouse
4,1971,3608,Stage 2 : Mulhouse > Strasbourg
5,1971,3608,Stage 3 : Strasbourg > Nancy
6,1971,3608,Stage 4 : Nancy > Marche en Famenne
7,1971,3608,Stage 5 : Dinant > Roubaix
8,1971,3608,Stage 6.1 : Roubaix > Amiens
9,1971,3608,Stage 6.2 : Amiens > Le Touquet-Paris-Plage
10,1971,3608,Stage 7 : Rungis > Nevers
11,1971,3608,Stage 8 : Nevers > Puy de Dôme
12,1971,3608,Stage 9 : Clermont-Ferrand > Saint-Etienne
13,1971,3608,Stage 10 : Saint-Etienne > Grenoble
14,1971,3608,Stage 11 : Grenoble > Orcières-Merlette
15,1971,3608,Stage 12 : Orcières-Merlette > Marseille
16,1971,3608,Stage 13 : Albi > Albi
17,1971,3608,Stage 14 : Revel > Luchon
18,1971,3608,Stage 15 : Luchon > Superbagnères
19,1971,3608,Stage 16.1 : Luchon > Gourette
20,1971,3608,Stage 16.2 : Gourette > Pau
21,1971,3608,Stage 17 : Mont de Marsan > Bordeaux
22,1971,3608,Stage 18 : Bordeaux > Poitiers
23,1971,3608,Stage 19 : Blois > Versailles
24,1971,3608,Stage 20 : Versailles > Paris
0,1972,3846,Prologue : Angers > Angers
1,1972,3846,Stage 1 : Angers > Saint-Brieuc
2,1972,3846,Stage 2 : Saint-Brieuc > La Baule
3,1972,3846,Stage 3.1 : Pornichet > Saint-Jean-de-Monts
4,1972,3846,Stage 3.2 : Merlin-Plage > Merlin-Plage
5,1972,3846,Stage 4 : Merlin-Plage > Royan
6,1972,3846,Stage 5.1 : Royan > Bordeaux
7,1972,3846,Stage 5.2 : Bordeaux > Bordeaux
8,1972,3846,Stage 6 : Bordeaux > Bayonne
9,1972,3846,Stage 7 : Bayonne > Pau
10,1972,3846,Stage 8 : Pau > Luchon
11,1972,3846,Stage 9 : Luchon > Colomiers
12,1972,3846,Stage 10 : Castres > La Grande-Motte
13,1972,3846,Stage 11 : Carnon > Mont Ventoux
14,1972,3846,Stage 12 : Carpentras > Orcières-Merlette
15,1972,3846,Stage 13 : Orcières-Merlette > Briançon
16,1972,3846,Stage 14.1 : Briançon > Valloire
17,1972,3846,Stage 14.2 : Valloire > Aix-les-Bains
18,1972,3846,Stage 15 : Aix-les-Bains > Mont Revard
19,1972,3846,Stage 16 : Aix-les-Bains > Pontarlier
20,1972,3846,Stage 17 : Pontarlier > Ballon d'Alsace
21,1972,3846,Stage 18 : Vesoul > Auxerre
22,1972,3846,Stage 19 : Auxerre > Versailles
23,1972,3846,Stage 20.1 : Versailles > Versailles
24,1972,3846,Stage 20.2 : Versailles > Paris
0,1973,4090,Prologue : Scheveningen > Scheveningen
1,1973,4090,Stage 1.1 : Scheveningen > Rotterdam
2,1973,4090,Stage 1.2 : Rotterdam > Saint-Nicolas
3,1973,4090,Stage 2.1 : Saint-Nicolas > Saint-Nicolas
4,1973,4090,Stage 2.2 : Saint-Nicolas > Roubaix
5,1973,4090,Stage 3 : Roubaix > Reims
6,1973,4090,Stage 4 : Reims > Nancy
7,1973,4090,Stage 5 : Nancy > Mulhouse
8,1973,4090,Stage 6 : Belfort > Divonne
9,1973,4090,Stage 7.1 : Divonne > Gaillard
10,1973,4090,Stage 7.2 : Gaillard > Méribel
11,1973,4090,Stage 8 : Moûtiers > Les Orres
12,1973,4090,Stage 9 : Embrun > Nice
13,1973,4090,Stage 10 : Nice > Aubagne
14,1973,4090,Stage 11 : Montpellier > Argelès
15,1973,4090,Stage 12.1 : Perpignan > Thuir
16,1973,4090,Stage 12.2 : Thuir > Pyrénées 2000
17,1973,4090,Stage 13 : Bourg-Madame > Luchon
18,1973,4090,Stage 14 : Luchon > Pau
19,1973,4090,Stage 15 : Pau > Fleurance
20,1973,4090,Stage 16.1 : Fleurance > Bordeaux
21,1973,4090,Stage 16.2 : Bordeaux > Bordeaux
22,1973,4090,Stage 17 : Sainte-Foy-la-Grande > Brive-la-Gaillarde
23,1973,4090,Stage 18 : Brive-la-Gaillarde > Puy de Dôme
24,1973,4090,Stage 19 : Bourges > Versailles
25,1973,4090,Stage 20.1 : Versailles > Versailles
26,1973,4090,Stage 20.2 : Versailles > Paris
0,1974,4098,Prologue : Brest > Brest
1,1974,4098,Stage 1 : Brest > Saint-Pol de Léon
2,1974,4098,Stage 2 : Plymouth > Plymouth
3,1974,4098,Stage 3 : Morlaix > Saint-Malo
4,1974,4098,Stage 4 : Saint-Malo > Caen
5,1974,4098,Stage 5 : Caen > Dieppe
6,1974,4098,Stage 6.1 : Dieppe > Harelbeke
7,1974,4098,Stage 6.2 : Harelbeke > Harelbeke
8,1974,4098,Stage 7 : Mons > Chalons-sur-Marne
9,1974,4098,Stage 8.1 : Chalons-sur-Marne > Chaumont
10,1974,4098,Stage 8.2 : Chaumont > Besançon
11,1974,4098,Stage 9 : Besançon > Gaillard
12,1974,4098,Stage 10 : Gaillard > Aix-les-Bains
13,1974,4098,Stage 11 : Aix-les-Bains > Serre-Chevalier
14,1974,4098,Stage 12 : Savines > Orange
15,1974,4098,Stage 13 : Avignon > Montpellier
16,1974,4098,Stage 14 : Lodève > Colomiers
17,1974,4098,Stage 15 : Colomiers > Seo de Urgel
18,1974,4098,Stage 16 : Seo de Urgel > Saint-Lary-Soulan Col du Portet
19,1974,4098,Stage 17 : Saint-Lary-Soulan Col du Portet > Col du Tourmalet
20,1974,4098,Stage 18 : Bagnères-de-Bigorre > Pau
21,1974,4098,Stage 19.1 : Pau > Bordeaux
22,1974,4098,Stage 19.2 : Bordeaux > Bordeaux
23,1974,4098,Stage 20 : Saint-Gilles-Croix-de-Vie > Nantes
24,1974,4098,Stage 21.1 : Vouvray > Orléans
25,1974,4098,Stage 21.2 : Orléans > Orléans
26,1974,4098,Stage 22 : Orléans > Paris
0,1975,4000,Prologue : Charleroi > Charleroi
1,1975,4000,Stage 1.1 : Charleroi > Molenbeek
2,1975,4000,Stage 1.2 : Molenbeek > Roubaix
3,1975,4000,Stage 2 : Roubaix > Amiens
4,1975,4000,Stage 3 : Amiens > Versailles
5,1975,4000,Stage 4 : Versailles > Le Mans
6,1975,4000,Stage 5 : Sablé > Merlin-Plage
7,1975,4000,Stage 6 : Merlin-Plage > Merlin-Plage
8,1975,4000,Stage 7 : Saint-Gilles-Croix-de-Vie > Angoulême
9,1975,4000,Stage 8 : Angoulême > Bordeaux
10,1975,4000,Stage 9.1 : Langon > Fleurance
11,1975,4000,Stage 9.2 : Fleurance > Auch
12,1975,4000,Stage 10 : Auch > Pau
13,1975,4000,Stage 11 : Pau > Saint-Lary-Soulan Col du Portet
14,1975,4000,Stage 12 : Tarbes > Albi
15,1975,4000,Stage 13 : Albi > Super-Lioran
16,1975,4000,Stage 14 : Aurillac > Puy de Dôme
17,1975,4000,Stage 15 : Nice > Pra Loup
18,1975,4000,Stage 16 : Barcelonnette > Serre-Chevalier
19,1975,4000,Stage 17 : Valloire > Avoriaz
20,1975,4000,Stage 18 : Morzine > Châtel
21,1975,4000,Stage 19 : Thonon > Chalon-sur-Saône
22,1975,4000,Stage 20 : Pouilly-en-Auxois > Melun
23,1975,4000,Stage 21 : Melun > Senlis
24,1975,4000,Stage 22 : Paris > Paris
0,1976,4017,Prologue : Merlin-Plage > Saint-Jean-de-Monts
1,1976,4017,Stage 1 : Merlin-Plage > Angers
2,1976,4017,Stage 2 : Angers > Caen
3,1976,4017,Stage 3 : Le Touquet-Paris-Plage > Le Touquet-Paris-Plage
4,1976,4017,Stage 4 : Le Touquet-Paris-Plage > Bornem
5,1976,4017,Stage 5.1 : Louvain > Louvain
6,1976,4017,Stage 5.2 : Louvain > Verviers
7,1976,4017,Stage 6 : Bastogne > Nancy
8,1976,4017,Stage 7 : Nancy > Mulhouse
9,1976,4017,Stage 8 : Beaulieu > Divonne
10,1976,4017,Stage 9 : Divonne > L'Alpe-d'Huez
11,1976,4017,Stage 10 : Bourg-d'Oisans > Montgenèvre
12,1976,4017,Stage 11 : Montgenèvre > Manosque
13,1976,4017,Stage 12 : Port Barcarès > Pyrénées 2000
14,1976,4017,Stage 13 : Font Romeu > Saint Gaudens
15,1976,4017,Stage 14 : Saint Gaudens > Saint-Lary-Soulan Col du Portet
16,1976,4017,Stage 15 : Saint-Lary-Soulan Col du Portet > Pau
17,1976,4017,Stage 16 : Pau > Fleurance
18,1976,4017,Stage 17 : Fleurance > Auch
19,1976,4017,Stage 18.1 : Auch > Langon
20,1976,4017,Stage 18.2 : Langon > Lacanau
21,1976,4017,Stage 18.3 : Lacanau > Bordeaux
22,1976,4017,Stage 19 : Sainte-Foy-la-Grande > Tulle
23,1976,4017,Stage 20 : Tulle > Puy de Dôme
24,1976,4017,Stage 21 : Montargis > Versailles
25,1976,4017,Stage 22.1 : Versailles > Paris
26,1976,4017,Stage 22.2 : Paris > Paris
0,1977,4096,Prologue : Fleurance > Fleurance
1,1977,4096,Stage 1 : Fleurance > Auch
2,1977,4096,Stage 2 : Auch > Pau
3,1977,4096,Stage 3 : Oloron > Vitoria
4,1977,4096,Stage 4 : Vitoria > Seignosse
5,1977,4096,Stage 5.1 : Morcenx > Bordeaux
6,1977,4096,Stage 5.2 : Bordeaux > Bordeaux
7,1977,4096,Stage 6 : Bordeaux > Limoges
8,1977,4096,Stage 7.1 : Jaunay-Clan > Angers
9,1977,4096,Stage 7.2 : Angers > Angers
10,1977,4096,Stage 8 : Angers > Lorient
11,1977,4096,Stage 9 : Lorient > Rennes
12,1977,4096,Stage 10 : Bagnoles-de-l'Orne > Rouen
13,1977,4096,Stage 11 : Rouen > Roubaix
14,1977,4096,Stage 12 : Roubaix > Charleroi
15,1977,4096,Stage 13.1 : Charleroi > Fribourg
16,1977,4096,Stage 13.2 : Altkirch > Besançon
17,1977,4096,Stage 14 : Besançon > Thonon
18,1977,4096,Stage 15.1 : Thonon > Morzine
19,1977,4096,Stage 15.2 : Morzine > Avoriaz
20,1977,4096,Stage 16 : Morzine > Chamonix
21,1977,4096,Stage 17 : Chamonix > L'Alpe-d'Huez
22,1977,4096,Stage 18 : Voiron > Saint-Etienne
23,1977,4096,Stage 19 : Saint-Trivier > Dijon
24,1977,4096,Stage 20 : Dijon > Dijon
25,1977,4096,Stage 21 : Montereau > Versailles
26,1977,4096,Stage 22.1 : Versailles > Paris
27,1977,4096,Stage 22.2 : Paris > Paris
0,1978,3908,Prologue : Leiden > Leiden
1,1978,3908,Stage 1.1 : Leiden > Saint-Willebrord
2,1978,3908,Stage 1.2 : Saint-Willebrord > Bruxelles
3,1978,3908,Stage 2 : Bruxelles > Saint-Amand-les-Eaux
4,1978,3908,Stage 3 : Saint-Amand-les-Eaux > Saint-Germain-en-Laye
5,1978,3908,Stage 4 : Evreux > Caen
6,1978,3908,Stage 5 : Caen > Mazé-Montgeoffroy
7,1978,3908,Stage 6 : Mazé-Montgeoffroy > Poitiers
8,1978,3908,Stage 7 : Poitiers > Bordeaux
9,1978,3908,Stage 8 : Saint-Emilion > Sainte-Foy-la-Grande
10,1978,3908,Stage 9 : Bordeaux > Biarritz
11,1978,3908,Stage 10 : Biarritz > Pau
12,1978,3908,Stage 11 : Pau > Saint-Lary-Soulan Col du Portet
13,1978,3908,Stage 12.1 : Tarbes > Valence d'Agen
14,1978,3908,Stage 12.2 : Valence d'Agen > Toulouse
15,1978,3908,Stage 13 : Figeac > Superbesse
16,1978,3908,Stage 14 : Besse-en-Ch. > Puy de Dôme
17,1978,3908,Stage 15 : Saint-Dier-d'Auvergne > Saint-Etienne
18,1978,3908,Stage 16 : Saint-Etienne > L'Alpe-d'Huez
19,1978,3908,Stage 17 : Grenoble > Morzine
20,1978,3908,Stage 18 : Morzine > Lausanne
21,1978,3908,Stage 19 : Lausanne > Belfort
22,1978,3908,Stage 20 : Metz > Nancy
23,1978,3908,Stage 21 : Épernay > Senlis
24,1978,3908,Stage 22 : Saint-Germain-en-Laye > Paris
0,1979,3765,Prologue : Fleurance > Fleurance
1,1979,3765,Stage 1 : Fleurance > Luchon
2,1979,3765,Stage 2 : Luchon > Superbagnères
3,1979,3765,Stage 3 : Luchon > Pau
4,1979,3765,Stage 4 : Captieux > Bordeaux
5,1979,3765,Stage 5 : Neuville-de-Poitou > Angers
6,1979,3765,Stage 6 : Angers > Saint-Brieuc
7,1979,3765,Stage 7 : Saint-Hilaire du Harcouët > Deauville
8,1979,3765,Stage 8 : Deauville > Le Havre
9,1979,3765,Stage 9 : Amiens > Roubaix
10,1979,3765,Stage 10 : Roubaix > Bruxelles
11,1979,3765,Stage 11 : Bruxelles > Bruxelles
12,1979,3765,Stage 12 : Rochefort > Metz
13,1979,3765,Stage 13 : Metz > Ballon d'Alsace
14,1979,3765,Stage 14 : Belfort > Evian-les-Bains
15,1979,3765,Stage 15 : Evian-les-Bains > Avoriaz
16,1979,3765,Stage 16 : Morzine > Les Menuires
17,1979,3765,Stage 17 : Les Menuires > L'Alpe-d'Huez
18,1979,3765,Stage 18 : L'Alpe-d'Huez > L'Alpe-d'Huez
19,1979,3765,Stage 19 : Bourg-d'Oisans > Saint-Priest
20,1979,3765,Stage 20 : Saint-Priest > Dijon
21,1979,3765,Stage 21 : Dijon > Dijon
22,1979,3765,Stage 22 : Dijon > Auxerre
23,1979,3765,Stage 23 : Auxerre > Nogent-sur-Marne
24,1979,3765,Stage 24 : Le Perreux > Paris
0,1980,3842,Prologue : Francfort > Francfort
1,1980,3842,Stage 1.1 : Francfort > Wiesbaden
2,1980,3842,Stage 1.2 : Wiesbaden > Francfort
3,1980,3842,Stage 2 : Francfort > Metz
4,1980,3842,Stage 3 : Metz > Liège
5,1980,3842,Stage 4 : Liège > Spa
6,1980,3842,Stage 5 : Liège > Lille
7,1980,3842,Stage 6 : Lille > Compiègne
8,1980,3842,Stage 7.1 : Compiègne > Beauvais
9,1980,3842,Stage 7.2 : Beauvais > Rouen
10,1980,3842,Stage 8 : Flers > Saint-Malo
11,1980,3842,Stage 9 : Saint-Malo > Nantes
12,1980,3842,Stage 10 : Rochefort > Bordeaux
13,1980,3842,Stage 11 : Damazan > Laplume
14,1980,3842,Stage 12 : Agen > Pau
15,1980,3842,Stage 13 : Pau > Luchon
16,1980,3842,Stage 14 : Lézignan-Corbières > Montpellier
17,1980,3842,Stage 15 : Montpellier > Martigues
18,1980,3842,Stage 16 : Trets > Pra Loup
19,1980,3842,Stage 17 : Serre-Chevalier > Morzine
20,1980,3842,Stage 18 : Morzine > Prapoutel
21,1980,3842,Stage 19 : Voreppe > Saint-Etienne
22,1980,3842,Stage 20 : Saint-Etienne > Saint-Etienne
23,1980,3842,Stage 21 : Auxerre > Fontenay-sous-Bois
24,1980,3842,Stage 22 : Fontenay-sous-Bois > Paris
0,1981,3753,Prologue : Nice > Nice
1,1981,3753,Stage 1.1 : Nice > Nice
2,1981,3753,Stage 1.2 : Nice > Antibes
3,1981,3753,Stage 2 : Nice > Martigues
4,1981,3753,Stage 3 : Martigues > Narbonne
5,1981,3753,Stage 4 : Narbonne > Carcassonne
6,1981,3753,Stage 5 : Saint Gaudens > Saint-Lary-Soulan Col du Portet
7,1981,3753,Stage 6 : Nay > Pau
8,1981,3753,Stage 7 : Pau > Bordeaux
9,1981,3753,Stage 8 : Rochefort > Nantes
10,1981,3753,Stage 9 : Nantes > Le Mans
11,1981,3753,Stage 10 : Le Mans > Aulnay-sous-Bois
12,1981,3753,Stage 11 : Compiègne > Roubaix
13,1981,3753,Stage 12.1 : Roubaix > Bruxelles
14,1981,3753,Stage 12.2 : Bruxelles > Zolder
15,1981,3753,Stage 13 : Beringen > Hasselt
16,1981,3753,Stage 14 : Hasselt > Mulhouse
17,1981,3753,Stage 15 : Besançon > Thonon
18,1981,3753,Stage 16 : Thonon > Morzine
19,1981,3753,Stage 17 : Morzine > L'Alpe-d'Huez
20,1981,3753,Stage 18 : L'Alpe-d'Huez > Le Pleynet
21,1981,3753,Stage 19 : Veurey > Saint-Priest
22,1981,3753,Stage 20 : Saint-Priest > Saint-Priest
23,1981,3753,Stage 21 : Auxerre > Fontenay-sous-Bois
24,1981,3753,Stage 22 : Fontenay-sous-Bois > Paris
0,1982,3507,Prologue : Bâle > Bâle
1,1982,3507,Stage 1 : Mohlin > Mohlin
2,1982,3507,Stage 2 : Bâle > Nancy
3,1982,3507,Stage 3 : Nancy > Longwy
4,1982,3507,Stage 4 : Beauraing > Mouscron
5,1982,3507,Stage 5 : Orchies > Fontaine-au-Pire
6,1982,3507,Stage 6 : Lille > Lille
7,1982,3507,Stage 7 : Cancale > Concarneau
8,1982,3507,Stage 8 : Concarneau > Chateaulin
9,1982,3507,Stage 9.1 : Lorient > Plumelec
10,1982,3507,Stage 9.2 : Plumelec > Nantes
11,1982,3507,Stage 10 : Saintes > Bordeaux
12,1982,3507,Stage 11 : Bordeaux > Valence d'Agen
13,1982,3507,Stage 12 : Fleurance > Pau
14,1982,3507,Stage 13 : Pau > Saint-Lary-Soulan Col du Portet
15,1982,3507,Stage 14 : Martigues > Martigues
16,1982,3507,Stage 15 : Manosque > Orcières-Merlette
17,1982,3507,Stage 16 : Orcières-Merlette > L'Alpe-d'Huez
18,1982,3507,Stage 17 : Bourg-d'Oisans > Morzine
19,1982,3507,Stage 18 : Morzine > Saint-Priest
20,1982,3507,Stage 19 : Saint-Priest > Saint-Priest
21,1982,3507,Stage 20 : Sens > Aulnay-sous-Bois
22,1982,3507,Stage 21 : Fontenay-sous-Bois > Paris
0,1983,3809,Prologue : Fontenay-sous-Bois > Fontenay-sous-Bois
1,1983,3809,Stage 1 : Nogent-sur-Marne > Créteil
2,1983,3809,Stage 2 : Soissons > Fontaine-au-Pire
3,1983,3809,Stage 3 : Valenciennes > Roubaix
4,1983,3809,Stage 4 : Roubaix > Le Havre
5,1983,3809,Stage 5 : Le Havre > Le Mans
6,1983,3809,Stage 6 : Châteaubriant > Nantes
7,1983,3809,Stage 7 : Nantes > Ile d'Oléron
8,1983,3809,Stage 8 : La Rochelle > Bordeaux
9,1983,3809,Stage 9 : Bordeaux > Pau
10,1983,3809,Stage 10 : Pau > Luchon
11,1983,3809,Stage 11 : Luchon > Fleurance
12,1983,3809,Stage 12 : Fleurance > Roquefort
13,1983,3809,Stage 13 : Roquefort > Aurillac
14,1983,3809,Stage 14 : Aurillac > Issoire
15,1983,3809,Stage 15 : Clermont-Ferrand > Puy de Dôme
16,1983,3809,Stage 16 : Issoire > Saint-Etienne
17,1983,3809,Stage 17 : La Tour du Pin > L'Alpe-d'Huez
18,1983,3809,Stage 18 : Bourg-d'Oisans > Morzine
19,1983,3809,Stage 19 : Morzine > Avoriaz
20,1983,3809,Stage 20 : Morzine > Dijon
21,1983,3809,Stage 21 : Dijon > Dijon
22,1983,3809,Stage 22 : Alfortville > Paris
0,1984,4021,Prologue : Montreuil > Noisy-le-Sec
1,1984,4021,Stage 1 : Bondy > Saint-Denis
2,1984,4021,Stage 2 : Bobigny > Louvroil
3,1984,4021,Stage 3 : Louvroil > Valenciennes
4,1984,4021,Stage 4 : Valenciennes > Béthune
5,1984,4021,Stage 5 : Béthune > Cergy-Pontoise
6,1984,4021,Stage 6 : Cergy-Pontoise > Alençon
7,1984,4021,Stage 7 : Alençon > Le Mans
8,1984,4021,Stage 8 : Le Mans > Nantes
9,1984,4021,Stage 9 : Nantes > Bordeaux
10,1984,4021,Stage 10 : Langon > Pau
11,1984,4021,Stage 11 : Pau > Guzet-Neige
12,1984,4021,Stage 12 : Saint-Girons > Blagnac
13,1984,4021,Stage 13 : Blagnac > Rodez
14,1984,4021,Stage 14 : Rodez > Domaine du Rouret
15,1984,4021,Stage 15 : Domaine du Rouret > Grenoble
16,1984,4021,Stage 16 : Les Echelles > La Ruchère
17,1984,4021,Stage 17 : Grenoble > L'Alpe-d'Huez
18,1984,4021,Stage 18 : Bourg-d'Oisans > La Plagne
19,1984,4021,Stage 19 : Aime (La Plagne) > Morzine
20,1984,4021,Stage 20 : Morzine > Crans-Montana
21,1984,4021,Stage 21 : Crans-Montana > Villefranche-sur-Saône
22,1984,4021,Stage 22 : Villié-Morgon > Villefranche-sur-Saône
23,1984,4021,Stage 23 : Pantin > Paris
0,1985,4109,Prologue : Plumelec > Plumelec
1,1985,4109,Stage 1 : Vannes > Lanester
2,1985,4109,Stage 2 : Lorient > Vitré
3,1985,4109,Stage 3 : Vitré > Fougères
4,1985,4109,Stage 4 : Fougères > Pont-Audemer
5,1985,4109,Stage 5 : Neufchatel-en-Bray > Roubaix
6,1985,4109,Stage 6 : Roubaix > Reims
7,1985,4109,Stage 7 : Reims > Nancy
8,1985,4109,Stage 8 : Sarrebourg > Strasbourg
9,1985,4109,Stage 9 : Strasbourg > Epinal
10,1985,4109,Stage 10 : Epinal > Pontarlier
11,1985,4109,Stage 11 : Pontarlier > Avoriaz
12,1985,4109,Stage 12 : Morzine > Lans-en-Vercors
13,1985,4109,Stage 13 : Lans-en-Vercors > Villard-de-Lans
14,1985,4109,Stage 14 : Autrans > Saint-Etienne
15,1985,4109,Stage 15 : Saint-Etienne > Aurillac
16,1985,4109,Stage 16 : Aurillac > Toulouse
17,1985,4109,Stage 17 : Toulouse > Luz-Ardiden
18,1985,4109,Stage 18.1 : Luz-Saint-Sauveur > Col d'Aubisque
19,1985,4109,Stage 18.2 : Laruns > Pau
20,1985,4109,Stage 19 : Pau > Bordeaux
21,1985,4109,Stage 20 : Montpon-Monesterol > Limoges
22,1985,4109,Stage 21 : Limoges > Lac de Vassivière
23,1985,4109,Stage 22 : Orléans > Paris
0,1986,4094,Prologue : Boulogne-Billancourt > Boulogne-Billancourt
1,1986,4094,Stage 1 : Nanterre > Sceaux
2,1986,4094,Stage 2 : Meudon > Saint-Quentin-en-Yvelines
3,1986,4094,Stage 3 : Levallois-Perret > Liévin
4,1986,4094,Stage 4 : Liévin > Evreux
5,1986,4094,Stage 5 : Evreux > Villers-sur-Mer
6,1986,4094,Stage 6 : Villers-sur-Mer > Cherbourg-en-Cotentin
7,1986,4094,Stage 7 : Cherbourg-en-Cotentin > Saint-Hilaire du Harcouët
8,1986,4094,Stage 8 : Saint-Hilaire du Harcouët > Nantes
9,1986,4094,Stage 9 : Nantes > Nantes
10,1986,4094,Stage 10 : Nantes > Futuroscope
11,1986,4094,Stage 11 : Futuroscope > Bordeaux
12,1986,4094,Stage 12 : Bayonne > Pau
13,1986,4094,Stage 13 : Pau > Superbagnères
14,1986,4094,Stage 14 : Superbagnères > Blagnac
15,1986,4094,Stage 15 : Carcassonne > Nîmes
16,1986,4094,Stage 16 : Nîmes > Gap
17,1986,4094,Stage 17 : Gap > Serre-Chevalier
18,1986,4094,Stage 18 : Briançon > L'Alpe-d'Huez
19,1986,4094,Stage 19 : Villard-de-Lans > Saint-Etienne
20,1986,4094,Stage 20 : Saint-Etienne > Saint-Etienne
21,1986,4094,Stage 21 : Saint-Etienne > Puy de Dôme
22,1986,4094,Stage 22 : Clermont-Ferrand > Nevers
23,1986,4094,Stage 23 : Cosne > Paris
0,1987,4231,Stage 16 : Blagnac > Millau
1,1987,4231,Prologue : Berlin > Berlin
2,1987,4231,Stage 1 : Berlin > Berlin
3,1987,4231,Stage 2 : Berlin > Berlin
4,1987,4231,Stage 3 : Karlsruhe > Stuttgart
5,1987,4231,Stage 4 : Stuttgart > Pforzheim
6,1987,4231,Stage 5 : Pforzheim > Strasbourg
7,1987,4231,Stage 6 : Strasbourg > Epinal
8,1987,4231,Stage 7 : Epinal > Troyes
9,1987,4231,Stage 8 : Troyes > Epinay-sous-Sénart
10,1987,4231,Stage 9 : Orléans > Renazé
11,1987,4231,Stage 10 : Saumur > Futuroscope
12,1987,4231,Stage 11 : Poitiers > Chaumeil
13,1987,4231,Stage 12 : Brive-la-Gaillarde > Bordeaux
14,1987,4231,Stage 13 : Bayonne > Pau
15,1987,4231,Stage 14 : Pau > Luz-Ardiden
16,1987,4231,Stage 15 : Tarbes > Blagnac
17,1987,4231,Stage 17 : Millau > Avignon
18,1987,4231,Stage 18 : Carpentras > Mont Ventoux
19,1987,4231,Stage 19 : Valréas > Villard-de-Lans
20,1987,4231,Stage 20 : Villard-de-Lans > L'Alpe-d'Huez
21,1987,4231,Stage 21 : Bourg-d'Oisans > La Plagne
22,1987,4231,Stage 22 : Aime (La Plagne) > Morzine
23,1987,4231,Stage 23 : Saint Julien en Genevois > Dijon
24,1987,4231,Stage 24 : Dijon > Dijon
25,1987,4231,Stage 25 : Créteil > Paris
0,1988,3286,Prologue : La Baule > La Baule
1,1988,3286,Stage 1 : Pontchateau > Machecoul
2,1988,3286,Stage 2 : La Haye Fouassière > Ancenis
3,1988,3286,Stage 3 : Nantes > Le Mans
4,1988,3286,Stage 4 : Le Mans > Evreux
5,1988,3286,Stage 5 : Neufchatel-en-Bray > Liévin
6,1988,3286,Stage 6 : Liévin > Wasquehal
7,1988,3286,Stage 7 : Wasquehal > Reims
8,1988,3286,Stage 8 : Reims > Nancy
9,1988,3286,Stage 9 : Nancy > Strasbourg
10,1988,3286,Stage 10 : Belfort > Besançon
11,1988,3286,Stage 11 : Besançon > Morzine
12,1988,3286,Stage 12 : Morzine > L'Alpe-d'Huez
13,1988,3286,Stage 13 : Grenoble > Villard-de-Lans
14,1988,3286,Stage 14 : Blagnac > Guzet-Neige
15,1988,3286,Stage 15 : Saint-Girons > Luz-Ardiden
16,1988,3286,Stage 16 : Tarbes > Pau
17,1988,3286,Stage 17 : Pau > Bordeaux
18,1988,3286,Stage 18 : Ruelle > Limoges
19,1988,3286,Stage 19 : Limoges > Puy de Dôme
20,1988,3286,Stage 20 : Clermont-Ferrand > Chalon-sur-Saône
21,1988,3286,Stage 21 : Santenay > Santenay
22,1988,3286,Stage 22 : Nemours > Paris
0,1989,3285,Prologue : Luxembourg > Luxembourg
1,1989,3285,Stage 1 : Luxembourg > Luxembourg
2,1989,3285,Stage 2 : Luxembourg > Luxembourg
3,1989,3285,Stage 3 : Luxembourg > Spa
4,1989,3285,Stage 4 : Liège > Wasquehal
5,1989,3285,Stage 5 : Dinard > Rennes
6,1989,3285,Stage 6 : Rennes > Futuroscope
7,1989,3285,Stage 7 : Futuroscope > Bordeaux
8,1989,3285,Stage 8 : La Bastide d'Armagnac > Pau
9,1989,3285,Stage 9 : Pau > Cauterets
10,1989,3285,Stage 10 : Cauterets > Superbagnères
11,1989,3285,Stage 11 : Luchon > Blagnac
12,1989,3285,Stage 12 : Toulouse > Montpellier
13,1989,3285,Stage 13 : Montpellier > Marseille
14,1989,3285,Stage 14 : Marseille > Gap
15,1989,3285,Stage 15 : Gap > Orcières-Merlette
16,1989,3285,Stage 16 : Gap > Briançon
17,1989,3285,Stage 17 : Briançon > L'Alpe-d'Huez
18,1989,3285,Stage 18 : Bourg-d'Oisans > Villard-de-Lans
19,1989,3285,Stage 19 : Villard-de-Lans > Aix-les-Bains
20,1989,3285,Stage 20 : Aix-les-Bains > L'Isle d'Abeau
21,1989,3285,Stage 21 : Versailles > Paris
0,1990,3504,Prologue : Futuroscope > Futuroscope
1,1990,3504,Stage 1 : Futuroscope > Futuroscope
2,1990,3504,Stage 2 : Futuroscope > Futuroscope
3,1990,3504,Stage 3 : Poitiers > Nantes
4,1990,3504,Stage 4 : Nantes > Mont-Saint-Michel
5,1990,3504,Stage 5 : Avranches > Rouen
6,1990,3504,Stage 6 : Sarrebourg > Vittel
7,1990,3504,Stage 7 : Vittel > Epinal
8,1990,3504,Stage 8 : Epinal > Besançon
9,1990,3504,Stage 9 : Besançon > Genève
10,1990,3504,Stage 10 : Genève > Saint-Gervais
11,1990,3504,Stage 11 : Saint-Gervais > L'Alpe-d'Huez
12,1990,3504,Stage 12 : Fontaine > Villard-de-Lans
13,1990,3504,Stage 13 : Villard-de-Lans > Saint-Etienne
14,1990,3504,Stage 14 : Le Puy en Velay > Millau
15,1990,3504,Stage 15 : Millau > Revel
16,1990,3504,Stage 16 : Blagnac > Luz-Ardiden
17,1990,3504,Stage 17 : Lourdes > Pau
18,1990,3504,Stage 18 : Pau > Bordeaux
19,1990,3504,Stage 19 : Castillon-la-Bataille > Limoges
20,1990,3504,Stage 20 : Lac de Vassivière > Lac de Vassivière
21,1990,3504,Stage 21 : Brétigny-sur-Orge > Paris
0,1991,3914,Prologue : Lyon > Lyon
1,1991,3914,Stage 1 : Lyon > Lyon
2,1991,3914,Stage 2 : Bron > Chassieu
3,1991,3914,Stage 3 : Villeurbanne > Dijon
4,1991,3914,Stage 4 : Dijon > Reims
5,1991,3914,Stage 5 : Reims > Valenciennes
6,1991,3914,Stage 6 : Arras Citadelle > Le Havre
7,1991,3914,Stage 7 : Le Havre > Argentan
8,1991,3914,Stage 8 : Argentan > Alençon
9,1991,3914,Stage 9 : Alençon > Rennes
10,1991,3914,Stage 10 : Rennes > Quimper
11,1991,3914,Stage 11 : Quimper > Saint-Herblain
12,1991,3914,Stage 12 : Pau > Jaca
13,1991,3914,Stage 13 : Jaca > Val Louron
14,1991,3914,Stage 14 : Saint Gaudens > Castres
15,1991,3914,Stage 15 : Albi > Alès
16,1991,3914,Stage 16 : Alès > Gap
17,1991,3914,Stage 17 : Gap > L'Alpe-d'Huez
18,1991,3914,Stage 18 : Bourg-d'Oisans > Morzine
19,1991,3914,Stage 19 : Morzine > Aix-les-Bains
20,1991,3914,Stage 20 : Aix-les-Bains > Macon
21,1991,3914,Stage 21 : Lugny > Macon
22,1991,3914,Stage 22 : Melun > Paris
0,1992,3983,Prologue : Saint-Sébastien > Saint-Sébastien
1,1992,3983,Stage 1 : Saint-Sébastien > Saint-Sébastien
2,1992,3983,Stage 2 : Saint-Sébastien > Pau
3,1992,3983,Stage 3 : Pau > Bordeaux
4,1992,3983,Stage 4 : Libourne > Libourne
5,1992,3983,Stage 5 : Nogent-sur-Oise > Wasquehal
6,1992,3983,Stage 6 : Roubaix > Bruxelles
7,1992,3983,Stage 7 : Bruxelles > Valkenburg
8,1992,3983,Stage 8 : Valkenburg > Coblence
9,1992,3983,Stage 9 : Luxembourg > Luxembourg
10,1992,3983,Stage 10 : Luxembourg > Strasbourg
11,1992,3983,Stage 11 : Strasbourg > Mulhouse
12,1992,3983,Stage 12 : Dole > Saint-Gervais
13,1992,3983,Stage 13 : Saint-Gervais > Sestrières
14,1992,3983,Stage 14 : Sestrières > L'Alpe-d'Huez
15,1992,3983,Stage 15 : Bourg-d'Oisans > Saint-Etienne
16,1992,3983,Stage 16 : Saint-Etienne > La Bourboule
17,1992,3983,Stage 17 : La Bourboule > Montluçon
18,1992,3983,Stage 18 : Montluçon > Tours
19,1992,3983,Stage 19 : Tours > Blois
20,1992,3983,Stage 20 : Blois > Nanterre
21,1992,3983,Stage 21 : La Défense > Paris
0,1993,3714,Prologue : Puy-du-Fou > Puy-du-Fou
1,1993,3714,Stage 1 : Luçon > Les Sables
2,1993,3714,Stage 2 : Les Sables > Vannes
3,1993,3714,Stage 3 : Vannes > Dinard
4,1993,3714,Stage 4 : Dinard > Avranches
5,1993,3714,Stage 5 : Avranches > Evreux
6,1993,3714,Stage 6 : Evreux > Amiens
7,1993,3714,Stage 7 : Péronne > Chalons-sur-Marne
8,1993,3714,Stage 8 : Chalons-sur-Marne > Verdun
9,1993,3714,Stage 9 : Lac de Madine > Lac de Madine
10,1993,3714,Stage 10 : Villard-de-Lans > Serre-Chevalier
11,1993,3714,Stage 11 : Serre-Chevalier > Isola 2000
12,1993,3714,Stage 12 : Isola 2000 > Marseille
13,1993,3714,Stage 13 : Marseille > Montpellier
14,1993,3714,Stage 14 : Montpellier > Perpignan
15,1993,3714,Stage 15 : Perpignan > Andorre
16,1993,3714,Stage 16 : Andorre > Saint-Lary-Soulan Col du Portet
17,1993,3714,Stage 17 : Tarbes > Pau
18,1993,3714,Stage 18 : Orthez > Bordeaux
19,1993,3714,Stage 19 : Brétigny-sur-Orge > Montlhéry
20,1993,3714,Stage 20 : Viry-Chatillon > Paris
0,1994,3978,Prologue : Lille > Lille
1,1994,3978,Stage 1 : Lille > Armentieres
2,1994,3978,Stage 2 : Roubaix > Boulogne-sur-Mer
3,1994,3978,Stage 3 : Calais > Eurotunnel
4,1994,3978,Stage 4 : Douvres > Brighton
5,1994,3978,Stage 5 : Portsmouth > Portsmouth
6,1994,3978,Stage 6 : Cherbourg-en-Cotentin > Rennes
7,1994,3978,Stage 7 : Rennes > Futuroscope
8,1994,3978,Stage 8 : Poitiers > Trelissac
9,1994,3978,Stage 9 : Périgueux > Bergerac
10,1994,3978,Stage 10 : Bergerac > Cahors
11,1994,3978,Stage 11 : Cahors > Hautacam
12,1994,3978,Stage 12 : Hautacam > Luz-Ardiden
13,1994,3978,Stage 13 : Bagnères-de-Bigorre > Albi
14,1994,3978,Stage 14 : Castres > Montpellier
15,1994,3978,Stage 15 : Montpellier > Carpentras
16,1994,3978,Stage 16 : Valréas > L'Alpe-d'Huez
17,1994,3978,Stage 17 : Bourg-d'Oisans > Val Thorens
18,1994,3978,Stage 18 : Moûtiers > Cluses
19,1994,3978,Stage 19 : Cluses > Avoriaz
20,1994,3978,Stage 20 : Morzine > Lac Saint Point - Malbuisson
21,1994,3978,Stage 21 : Disneyland-Paris > Paris
0,1995,3635,Prologue : Saint-Brieuc > Saint-Brieuc
1,1995,3635,Stage 1 : Dinan > Lannion
2,1995,3635,Stage 2 : Perros-Guirec > Vitré
3,1995,3635,Stage 3 : Mayenne > Alençon
4,1995,3635,Stage 4 : Alençon > Le Havre
5,1995,3635,Stage 5 : Fecamp > Dunkerque
6,1995,3635,Stage 6 : Dunkerque > Charleroi
7,1995,3635,Stage 7 : Charleroi > Liège
8,1995,3635,Stage 8 : Huy > Seraing
9,1995,3635,Stage 9 : le_grand_bornand > La Plagne
10,1995,3635,Stage 10 : Aime > L'Alpe-d'Huez
11,1995,3635,Stage 11 : Bourg-d'Oisans > Saint-Etienne
12,1995,3635,Stage 12 : Saint-Etienne > Mende
13,1995,3635,Stage 13 : Mende > Revel
14,1995,3635,Stage 14 : Saint Orens de G. > Guzet-Neige
15,1995,3635,Stage 15 : Saint-Girons > Cauterets
16,1995,3635,Stage 16 : Tarbes > Pau
17,1995,3635,Stage 17 : Pau > Bordeaux
18,1995,3635,Stage 18 : Montpon-Monesterol > Limoges
19,1995,3635,Stage 19 : Lac de Vassivière > Lac de Vassivière
20,1995,3635,Stage 20 : Sainte Geneviève des Bois > Paris
0,1996,3765,Prologue : 's-Hertogenbosch > 's-Hertogenbosch
1,1996,3765,Stage 1 : 's-Hertogenbosch > 's-Hertogenbosch
2,1996,3765,Stage 2 : 's-Hertogenbosch > Wasquehal
3,1996,3765,Stage 3 : Wasquehal > Nogent-sur-Oise
4,1996,3765,Stage 4 : Soissons > Lac de Madine
5,1996,3765,Stage 5 : Lac de Madine > Besançon
6,1996,3765,Stage 6 : Arc-et-Senans > Aix-les-Bains
7,1996,3765,Stage 7 : Chambéry > Les Arcs
8,1996,3765,Stage 8 : Bourg Saint Maurice > val_d_isere
9,1996,3765,Stage 9 : Monetier les Bains > Sestrières
10,1996,3765,Stage 10 : Turin > Gap
11,1996,3765,Stage 11 : Gap > Valence
12,1996,3765,Stage 12 : Valence > Le Puy-en-Velay
13,1996,3765,Stage 13 : Le Puy-en-Velay > Superbesse
14,1996,3765,Stage 14 : Besse > Tulle
15,1996,3765,Stage 15 : Brive-la-Gaillarde > Villeneuve-sur-Lot
16,1996,3765,Stage 16 : Agen > Hautacam
17,1996,3765,Stage 17 : Argelès-Gazost > Pampelune
18,1996,3765,Stage 18 : Pampelune > Hendaye
19,1996,3765,Stage 19 : Hendaye > Bordeaux
20,1996,3765,Stage 20 : Bordeaux > Saint-Emilion
21,1996,3765,Stage 21 : Palaiseau > Paris
0,1997,3950,Prologue : Rouen > Rouen
1,1997,3950,Stage 1 : Rouen > Forges-les-Eaux
2,1997,3950,Stage 2 : St Valery-en-Caux > Vire
3,1997,3950,Stage 3 : Vire > Plumelec
4,1997,3950,Stage 4 : Plumelec > Puy-du-Fou
5,1997,3950,Stage 5 : Chantonnay > La Châtre
6,1997,3950,Stage 6 : Le Blanc > Marennes
7,1997,3950,Stage 7 : Marennes > Bordeaux
8,1997,3950,Stage 8 : Sauternes > Pau
9,1997,3950,Stage 9 : Pau > Loudenvielle
10,1997,3950,Stage 10 : Luchon > Andorre
11,1997,3950,Stage 11 : Andorre > Perpignan
12,1997,3950,Stage 12 : Saint-Etienne > Saint-Etienne
13,1997,3950,Stage 13 : Saint-Etienne > L'Alpe-d'Huez
14,1997,3950,Stage 14 : Bourg-d'Oisans > Courchevel
15,1997,3950,Stage 15 : Courchevel > Morzine
16,1997,3950,Stage 16 : Morzine > Fribourg
17,1997,3950,Stage 17 : Fribourg > Colmar
18,1997,3950,Stage 18 : Colmar > Montbéliard
19,1997,3950,Stage 19 : Montbéliard > Dijon
20,1997,3950,Stage 20 : Disneyland-Paris > Disneyland-Paris
21,1997,3950,Stage 21 : Disneyland-Paris > Paris
0,1998,3875,Prologue : Dublin > Dublin
1,1998,3875,Stage 1 : Dublin > Dublin
2,1998,3875,Stage 2 : Enniscothy > Cork
3,1998,3875,Stage 3 : Roscoff > Lorient
4,1998,3875,Stage 4 : Plouay > Cholet
5,1998,3875,Stage 5 : Cholet > Chateauroux
6,1998,3875,Stage 6 : La Châtre > Brive-la-Gaillarde
7,1998,3875,Stage 7 : Meyrignac l'Eglise > Corrèze
8,1998,3875,Stage 8 : Brive-la-Gaillarde > Montauban
9,1998,3875,Stage 9 : Montauban > Pau
10,1998,3875,Stage 10 : Pau > Luchon
11,1998,3875,Stage 11 : Luchon > plateau_de_beille
12,1998,3875,Stage 12 : Tarascon-sur-Ariège > Cap d'Agde
13,1998,3875,Stage 13 : Frontignan-La-Peyrade > Carpentras
14,1998,3875,Stage 14 : Valréas > Grenoble
15,1998,3875,Stage 15 : Grenoble > Les Deux Alpes
16,1998,3875,Stage 16 : Vizille > Albertville
17,1998,3875,Stage 17 : Albertville > Aix-les-Bains
18,1998,3875,Stage 18 : Aix-les-Bains > Neuchâtel
19,1998,3875,Stage 19 : La Chaux-de-Fonds > Autun
20,1998,3875,Stage 20 : Montceau-les-Mines > Le Creusot
21,1998,3875,Stage 21 : Melun > Paris
0,1999,3870,Prologue : Puy-du-Fou > Puy-du-Fou
1,1999,3870,Stage 1 : Montaigu > Challans
2,1999,3870,Stage 2 : Challans > Saint Nazaire
3,1999,3870,Stage 3 : Nantes > Laval
4,1999,3870,Stage 4 : Laval > Blois
5,1999,3870,Stage 5 : Bonneval > Amiens
6,1999,3870,Stage 6 : Amiens > Maubeuge
7,1999,3870,Stage 7 : Avesnes-sur-Helpe > Thionville
8,1999,3870,Stage 8 : Metz > Metz
9,1999,3870,Stage 9 : le_grand_bornand > Sestrières
10,1999,3870,Stage 10 : Sestrières > L'Alpe-d'Huez
11,1999,3870,Stage 11 : Bourg-d'Oisans > Saint-Etienne
12,1999,3870,Stage 12 : Saint-Galmier > Saint-Flour
13,1999,3870,Stage 13 : Saint-Flour > Albi
14,1999,3870,Stage 14 : Castres > Saint Gaudens
15,1999,3870,Stage 15 : Saint Gaudens > Piau-Engaly
16,1999,3870,Stage 16 : Lannemezan > Pau
17,1999,3870,Stage 17 : Mourenx > Bordeaux
18,1999,3870,Stage 18 : Jonzac > Futuroscope
19,1999,3870,Stage 19 : Futuroscope > Futuroscope
20,1999,3870,Stage 20 : Arpajon > Paris
0,2000,3662,Stage 1 : Futuroscope > Futuroscope
1,2000,3662,Stage 2 : Futuroscope > Loudun
2,2000,3662,Stage 3 : Loudun > Nantes
3,2000,3662,Stage 4 : Nantes > Saint Nazaire
4,2000,3662,Stage 5 : Vannes > Vitré
5,2000,3662,Stage 6 : Vitré > Tours
6,2000,3662,Stage 7 : Tours > Limoges
7,2000,3662,Stage 8 : Limoges > Villeneuve-sur-Lot
8,2000,3662,Stage 9 : Agen > Dax
9,2000,3662,Stage 10 : Dax > Hautacam
10,2000,3662,Stage 11 : Bagnères-de-Bigorre > Revel
11,2000,3662,Stage 12 : Carpentras > Mont Ventoux
12,2000,3662,Stage 13 : Avignon > Draguignan
13,2000,3662,Stage 14 : Draguignan > Briançon
14,2000,3662,Stage 15 : Briançon > Courchevel
15,2000,3662,Stage 16 : Courchevel > Morzine
16,2000,3662,Stage 17 : Evian-les-Bains > Lausanne
17,2000,3662,Stage 18 : Lausanne > Fribourg-en-Brisgau
18,2000,3662,Stage 19 : Fribourg-en-Brisgau > Mulhouse
19,2000,3662,Stage 20 : Belfort > Troyes
20,2000,3662,Stage 21 : Paris > Champs-Elysées
0,2001,3458,Prologue : Dunkerque > Dunkerque
1,2001,3458,Stage 1 : Saint-Omer > Boulogne-sur-Mer
2,2001,3458,Stage 2 : Calais > Anvers
3,2001,3458,Stage 3 : Anvers > Seraing
4,2001,3458,Stage 4 : Huy > Verdun
5,2001,3458,Stage 5 : Verdun > Bar-Le-Duc
6,2001,3458,Stage 6 : Commercy > Strasbourg
7,2001,3458,Stage 7 : Strasbourg > Colmar
8,2001,3458,Stage 8 : Colmar > Pontarlier
9,2001,3458,Stage 9 : Pontarlier > Aix-les-Bains
10,2001,3458,Stage 10 : Aix-les-Bains > L'Alpe-d'Huez
11,2001,3458,Stage 11 : Grenoble > Chamrousse
12,2001,3458,Stage 12 : Perpignan > Ax-les-Thermes
13,2001,3458,Stage 13 : Foix > Saint-Lary-Soulan Col du Portet
14,2001,3458,Stage 14 : Tarbes > Luz-Ardiden
15,2001,3458,Stage 15 : Pau > Lavaur
16,2001,3458,Stage 16 : Castelsarrasin > Sarran
17,2001,3458,Stage 17 : Brive-la-Gaillarde > Montluçon
18,2001,3458,Stage 18 : Montluçon > Saint-Amand-Montrond
19,2001,3458,Stage 19 : Orléans > Evry
20,2001,3458,Stage 20 : Corbeil-Essonnes > Paris
0,2002,3278,Prologue : Luxembourg > Luxembourg
1,2002,3278,Stage 1 : Luxembourg > Luxembourg
2,2002,3278,Stage 2 : Luxembourg > Sarrebruck
3,2002,3278,Stage 3 : Metz > Reims
4,2002,3278,Stage 4 : Épernay > Château-Thierry
5,2002,3278,Stage 5 : Soissons > Rouen
6,2002,3278,Stage 6 : Forges-les-Eaux > Alençon
7,2002,3278,Stage 7 : Bagnoles-de-l'Orne > Avranches
8,2002,3278,Stage 8 : Saint-Martin-de-Landelles > Plouay
9,2002,3278,Stage 9 : Lanester > Lorient
10,2002,3278,Stage 10 : Bazas > Pau
11,2002,3278,Stage 11 : Pau > La Mongie
12,2002,3278,Stage 12 : Lannemezan > plateau_de_beille
13,2002,3278,Stage 13 : Lavelanet > Béziers
14,2002,3278,Stage 14 : Lodève > Mont Ventoux
15,2002,3278,Stage 15 : Vaison-la-Romaine > Les Deux Alpes
16,2002,3278,Stage 16 : Les Deux Alpes > La Plagne
17,2002,3278,Stage 17 : Aime > Cluses
18,2002,3278,Stage 18 : Cluses > Bourg-en-Bresse
19,2002,3278,Stage 19 : Regnier-Durette > Macon
20,2002,3278,Stage 20 : Melun > Paris
0,2003,3427,Prologue : Paris > Paris
1,2003,3427,Stage 1 : Montgeron > Meaux
2,2003,3427,Stage 2 : La Ferté-sous-Jouarre > Sedan
3,2003,3427,Stage 3 : Charleville-Mézières > Saint-Dizier
4,2003,3427,Stage 4 : Joinville > Saint-Dizier
5,2003,3427,Stage 5 : Troyes > Nevers
6,2003,3427,Stage 6 : Nevers > Lyon
7,2003,3427,Stage 7 : Lyon > Morzine
8,2003,3427,Stage 8 : Sallanches > L'Alpe-d'Huez
9,2003,3427,Stage 9 : Bourg-d'Oisans > Gap
10,2003,3427,Stage 10 : Gap > Marseille
11,2003,3427,Stage 11 : Narbonne > Toulouse
12,2003,3427,Stage 12 : Gaillac > Cap Découverte
13,2003,3427,Stage 13 : Toulouse > Ax 3 Domaines
14,2003,3427,Stage 14 : Saint-Girons > loudenvielle_le_louron
15,2003,3427,Stage 15 : Bagnères-de-Bigorre > Luz-Ardiden
16,2003,3427,Stage 16 : Pau > Bayonne
17,2003,3427,Stage 17 : Dax > Bordeaux
18,2003,3427,Stage 18 : Bordeaux > Saint-Maixent-L'Ecole
19,2003,3427,Stage 19 : Pornic > Nantes
20,2003,3427,Stage 20 : Ville d'Avray > Paris
0,2004,3391,Prologue : Liège > Liège
1,2004,3391,Stage 1 : Liège > Charleroi
2,2004,3391,Stage 2 : Charleroi > Namur
3,2004,3391,Stage 3 : Waterloo > Wasquehal
4,2004,3391,Stage 4 : Cambrai > Arras Citadelle
5,2004,3391,Stage 5 : Amiens > Chartres
6,2004,3391,Stage 6 : Bonneval > Angers
7,2004,3391,Stage 7 : Châteaubriant > Saint-Brieuc
8,2004,3391,Stage 8 : Lamballe > Quimper
9,2004,3391,Stage 9 : Saint-Léonard-de-Noblat > Guéret
10,2004,3391,Stage 10 : Limoges > Saint-Flour
11,2004,3391,Stage 11 : Saint-Flour > Figeac
12,2004,3391,Stage 12 : Castelsarrasin > La Mongie
13,2004,3391,Stage 13 : Lannemezan > plateau_de_beille
14,2004,3391,Stage 14 : Carcassonne > Nîmes
15,2004,3391,Stage 15 : Valréas > Villard-de-Lans
16,2004,3391,Stage 16 : Bourg-d'Oisans > L'Alpe-d'Huez
17,2004,3391,Stage 17 : Bourg-d'Oisans > le_grand_bornand
18,2004,3391,Stage 18 : Annemasse > Lons-le-Saunier
19,2004,3391,Stage 19 : Besançon > Besançon
20,2004,3391,Stage 20 : Montereau > Paris
0,2005,3593,Stage 1 : Fromentine > Noirmoutier-en-l'Île
1,2005,3593,Stage 2 : Challans > Les Essarts
2,2005,3593,Stage 3 : La Châtaigneraie > Tours
3,2005,3593,Stage 4 : Tours > Blois
4,2005,3593,Stage 5 : Chambord > Montargis
5,2005,3593,Stage 6 : Troyes > Nancy
6,2005,3593,Stage 7 : Lunéville > Karlsruhe
7,2005,3593,Stage 8 : Pforzheim > Gérardmer
8,2005,3593,Stage 9 : Gérardmer > Mulhouse
9,2005,3593,Stage 10 : Grenoble > Courchevel
10,2005,3593,Stage 11 : Courchevel > Briançon
11,2005,3593,Stage 12 : Briançon > Digne-les-Bains
12,2005,3593,Stage 13 : Miramas > Montpellier
13,2005,3593,Stage 14 : Le Cap d'Agde > Ax 3 Domaines
14,2005,3593,Stage 15 : Lézat-sur-Leze > Saint-Lary-Soulan Col du Portet
15,2005,3593,Stage 16 : Mourenx > Pau
16,2005,3593,Stage 17 : Pau > Revel
17,2005,3593,Stage 18 : Albi > Mende
18,2005,3593,Stage 19 : Issoire > Le Puy-en-Velay
19,2005,3593,Stage 20 : Saint-Etienne > Saint-Etienne
20,2005,3593,Stage 21 : Corbeil-Essonnes > Paris
0,2006,3657,Prologue : Strasbourg > Strasbourg
1,2006,3657,Stage 1 : Strasbourg > Strasbourg
2,2006,3657,Stage 2 : Obernai > Esch-sur-Alzette
3,2006,3657,Stage 3 : Esch-sur-Alzette > Valkenburg
4,2006,3657,Stage 4 : Huy > Saint-Quentin
5,2006,3657,Stage 5 : Beauvais > Caen
6,2006,3657,Stage 6 : Lisieux > Vitré
7,2006,3657,Stage 7 : Saint-Grégoire > Rennes
8,2006,3657,Stage 8 : Saint-Meen-le-Grand > Lorient
9,2006,3657,Stage 9 : Bordeaux > Dax
10,2006,3657,Stage 10 : Cambo-les-Bains > Pau
11,2006,3657,Stage 11 : Tarbes > Val d'Aran - Pla-de-Beret
12,2006,3657,Stage 12 : Luchon > Carcassonne
13,2006,3657,Stage 13 : Béziers > Montélimar
14,2006,3657,Stage 14 : Montélimar > Gap
15,2006,3657,Stage 15 : Gap > L'Alpe-d'Huez
16,2006,3657,Stage 16 : Bourg-d'Oisans > La Toussuire
17,2006,3657,Stage 17 : Saint-Jean-de-Maurienne > Morzine
18,2006,3657,Stage 18 : Morzine > Macon
19,2006,3657,Stage 19 : Le Creusot > Montceau-les-Mines
20,2006,3657,Stage 20 : Sceaux > Paris Champs-Élysées
0,2007,3570,Prologue : Londres > Londres
1,2007,3570,Stage 1 : Londres > Canterbury
2,2007,3570,Stage 2 : Dunkerque > Gand
3,2007,3570,Stage 3 : Waregem > Compiègne
4,2007,3570,Stage 4 : villers_cotterets > Joigny
5,2007,3570,Stage 5 : Chablis > Autun
6,2007,3570,Stage 6 : semur_en_auxois > Bourg-en-Bresse
7,2007,3570,Stage 7 : Bourg-en-Bresse > le_grand_bornand
8,2007,3570,Stage 8 : le_grand_bornand > Tignes
9,2007,3570,Stage 9 : val_d_isere > Briançon
10,2007,3570,Stage 10 : Tallard > Marseille
11,2007,3570,Stage 11 : Marseille > Montpellier
12,2007,3570,Stage 12 : Montpellier > Castres
13,2007,3570,Stage 13 : Albi > Albi
14,2007,3570,Stage 14 : Mazamet > plateau_de_beille
15,2007,3570,Stage 15 : Foix > loudenvielle_le_louron
16,2007,3570,Stage 16 : Orthez > gourette_col_d_aubisque
17,2007,3570,Stage 17 : Pau > Castelsarrasin
18,2007,3570,Stage 18 : Cahors > Angoulême
19,2007,3570,Stage 19 : Cognac > Angoulême
20,2007,3570,Stage 20 : Marcoussis > Paris Champs-Élysées
0,2008,3559,Stage 1 : Brest > Plumelec
1,2008,3559,Stage 2 : Auray > Saint-Brieuc
2,2008,3559,Stage 3 : Saint-Malo > Nantes
3,2008,3559,Stage 4 : Cholet > Cholet
4,2008,3559,Stage 5 : Cholet > Chateauroux
5,2008,3559,Stage 6 : Aigurande > Super-Besse
6,2008,3559,Stage 7 : Brioude > Aurillac
7,2008,3559,Stage 8 : Figeac > Toulouse
8,2008,3559,Stage 9 : Toulouse > Bagnères-de-Bigorre
9,2008,3559,Stage 10 : Pau > Hautacam
10,2008,3559,Stage 11 : Lannemezan > Foix
11,2008,3559,Stage 12 : Lavelanet > Narbonne
12,2008,3559,Stage 13 : Narbonne > Nîmes
13,2008,3559,Stage 14 : Nîmes > Digne-les-Bains
14,2008,3559,Stage 15 : Embrun > Prato Nevoso
15,2008,3559,Stage 16 : Cuneo > Jausiers
16,2008,3559,Stage 17 : Embrun > L'Alpe-d'Huez
17,2008,3559,Stage 18 : Bourg-d'Oisans > Saint-Etienne
18,2008,3559,Stage 19 : Roanne > Montluçon
19,2008,3559,Stage 20 : Cérilly > Saint-Amand-Montrond
20,2008,3559,Stage 21 : Etampes > Paris Champs-Élysées
0,2009,3460,Stage 1 : Monaco > Monaco
1,2009,3460,Stage 2 : Monaco > Brignoles
2,2009,3460,Stage 3 : Marseille > La Grande-Motte
3,2009,3460,Stage 4 : Montpellier > Montpellier
4,2009,3460,Stage 5 : Le Cap d'Agde > Perpignan
5,2009,3460,Stage 6 : Gérone > Barcelone
6,2009,3460,Stage 7 : Barcelone > Andorre
7,2009,3460,Stage 8 : Andorre-la-Vieille > Saint-Girons
8,2009,3460,Stage 9 : Saint Gaudens > Tarbes
9,2009,3460,Stage 10 : Limoges > Issoudun
10,2009,3460,Stage 11 : Vatan > Saint-Fargeau
11,2009,3460,Stage 12 : Tonnerre > Vittel
12,2009,3460,Stage 13 : Vittel > Colmar
13,2009,3460,Stage 14 : Colmar > Besançon
14,2009,3460,Stage 15 : Pontarlier > Verbier
15,2009,3460,Stage 16 : Martigny > Bourg Saint Maurice
16,2009,3460,Stage 17 : Bourg Saint Maurice > le_grand_bornand
17,2009,3460,Stage 18 : Annecy > Annecy
18,2009,3460,Stage 19 : Bourgoin-Jallieu > Aubenas
19,2009,3460,Stage 20 : Montélimar > Mont Ventoux
20,2009,3460,Stage 21 : Montereau-Fault-Yonne > Paris Champs-Élysées
0,2010,3642,Prologue : Rotterdam > Rotterdam
1,2010,3642,Stage 1 : Rotterdam > Bruxelles
2,2010,3642,Stage 2 : Bruxelles > Spa
3,2010,3642,Stage 3 : Wanze > Arenberg Porte du Hainaut
4,2010,3642,Stage 4 : Cambrai > Reims
5,2010,3642,Stage 5 : Épernay > Montargis
6,2010,3642,Stage 6 : Montargis > Gueugnon
7,2010,3642,Stage 7 : Tournus > Station des Rousses
8,2010,3642,Stage 8 : Station des Rousses > Morzine
9,2010,3642,Stage 9 : Morzine > Saint-Jean-de-Maurienne
10,2010,3642,Stage 10 : Chambéry > Gap
11,2010,3642,Stage 11 : Sisteron > Bourg-lès-Valence
12,2010,3642,Stage 12 : Bourg-de-Péage > Mende
13,2010,3642,Stage 13 : Rodez > Revel
14,2010,3642,Stage 14 : Revel > Ax 3 Domaines
15,2010,3642,Stage 15 : Pamiers > Bagnères-de-Luchon
16,2010,3642,Stage 16 : Bagnères-de-Luchon > Pau
17,2010,3642,Stage 17 : Pau > Col du Tourmalet
18,2010,3642,Stage 18 : Salies-de-Béarn > Bordeaux
19,2010,3642,Stage 19 : Bordeaux > Pauillac
20,2010,3642,Stage 20 : Longjumeau > Paris Champs-Élysées
0,2011,3630,Stage 1 : Passage du Gois > Mont des Alouettes
1,2011,3630,Stage 2 : Les Essarts > Les Essarts
2,2011,3630,Stage 3 : Olonne-sur-Mer > Redon
3,2011,3630,Stage 4 : Lorient > Mûr-de-Bretagne Guerlédan
4,2011,3630,Stage 5 : Carhaix > Cap Fréhel
5,2011,3630,Stage 6 : Dinan > Lisieux
6,2011,3630,Stage 7 : Le Mans > Chateauroux
7,2011,3630,Stage 8 : Aigurande > Super-Besse Sancy
8,2011,3630,Stage 9 : Issoire > Saint-Flour
9,2011,3630,Stage 10 : Aurillac > Carmaux
10,2011,3630,Stage 11 : Blaye-les-Mines > Lavaur
11,2011,3630,Stage 12 : Cugnaux > Luz-Ardiden
12,2011,3630,Stage 13 : Pau > Lourdes
13,2011,3630,Stage 14 : Saint Gaudens > plateau_de_beille
14,2011,3630,Stage 15 : Limoux > Montpellier
15,2011,3630,Stage 16 : Saint-Paul -Trois-Châteaux > Gap
16,2011,3630,Stage 17 : Gap > Pinerolo
17,2011,3630,Stage 18 : Pinerolo > Galibier Serre-Chevalier
18,2011,3630,Stage 19 : Modane Valfréjus > L'Alpe-d'Huez
19,2011,3630,Stage 20 : Grenoble > Grenoble
20,2011,3630,Stage 21 : Créteil > Paris Champs-Élysées
0,2012,3497,Prologue : Liège > Liège
1,2012,3497,Stage 1 : Liège > Seraing
2,2012,3497,Stage 2 : Visé > Tournai
3,2012,3497,Stage 3 : Orchies > Boulogne-sur-Mer
4,2012,3497,Stage 4 : Abbeville > Rouen
5,2012,3497,Stage 5 : Rouen > St-Quentin
6,2012,3497,Stage 6 : Épernay > Metz
7,2012,3497,Stage 7 : Tomblaine > La Planche des Belles Filles
8,2012,3497,Stage 8 : Belfort > Porrentruy
9,2012,3497,Stage 9 : Arc-et-Senans > Besançon
10,2012,3497,Stage 10 : Macon > Bellegarde-sur-Valserine
11,2012,3497,Stage 11 : Albertville > La Toussuire
12,2012,3497,Stage 12 : Saint-Jean-de-Maurienne > Annonay Davézieux
13,2012,3497,Stage 13 : Saint-Paul -Trois-Châteaux > Le Cap d'Agde
14,2012,3497,Stage 14 : Limoux > Foix
15,2012,3497,Stage 15 : Samatan > Pau
16,2012,3497,Stage 16 : Pau > Bagnères-de-Luchon
17,2012,3497,Stage 17 : Bagnères-de-Luchon > Peyragudes
18,2012,3497,Stage 18 : Blagnac > Brive-la-Gaillarde
19,2012,3497,Stage 19 : Bonneval > Chartres
20,2012,3497,Stage 20 : Rambouillet > Paris Champs-Élysées
0,2013,3404,Stage 1 : porto_vecchio > Bastia
1,2013,3404,Stage 2 : Bastia > Ajaccio
2,2013,3404,Stage 3 : Ajaccio > Calvi
3,2013,3404,Stage 4 : Nice > Nice
4,2013,3404,Stage 5 : Cagnes-sur-Mer > Marseille
5,2013,3404,Stage 6 : Aix en Provence > Montpellier
6,2013,3404,Stage 7 : Montpellier > Albi
7,2013,3404,Stage 8 : Castres > Ax 3 Domaines
8,2013,3404,Stage 9 : Saint-Girons > Bagnères-de-Bigorre
9,2013,3404,Stage 10 : Saint-Gildas-des-Bois > Saint-Malo
10,2013,3404,Stage 11 : Avranches > Mont-Saint-Michel
11,2013,3404,Stage 12 : Fougères > Tours
12,2013,3404,Stage 13 : Tours > Saint-Amand-Montrond
13,2013,3404,Stage 14 : Saint-Pourçain-sur-Sioule > Lyon
14,2013,3404,Stage 15 : Givors > Mont Ventoux
15,2013,3404,Stage 16 : Vaison-la-Romaine > Gap
16,2013,3404,Stage 17 : Embrun > Chorges
17,2013,3404,Stage 18 : Gap > Alpe d'Huez
18,2013,3404,Stage 19 : Bourg-d'Oisans > le_grand_bornand
19,2013,3404,Stage 20 : Annecy > Annecy - Semnoz
20,2013,3404,Stage 21 : Versailles > Paris Champs-Élysées
0,2014,3659,Stage 1 : Leeds > Harrogate
1,2014,3659,Stage 2 : York > Sheffield
2,2014,3659,Stage 3 : Cambridge > Londres
3,2014,3659,Stage 4 : Le Touquet-Paris-Plage > Lille
4,2014,3659,Stage 5 : Ypres > Arenberg Porte du Hainaut
5,2014,3659,Stage 6 : Arras Citadelle > Reims
6,2014,3659,Stage 7 : Épernay > Nancy
7,2014,3659,Stage 8 : Tomblaine > Gérardmer
8,2014,3659,Stage 9 : Gérardmer > Mulhouse
9,2014,3659,Stage 10 : Mulhouse > La Planche des Belles Filles
10,2014,3659,Stage 11 : Besançon > Oyonnax
11,2014,3659,Stage 12 : Bourg-en-Bresse > Saint-Etienne
12,2014,3659,Stage 13 : Saint-Etienne > Chamrousse
13,2014,3659,Stage 14 : Grenoble > Risoul
14,2014,3659,Stage 15 : Tallard > Nîmes
15,2014,3659,Stage 16 : Carcassonne > Bagnères-de-Luchon
16,2014,3659,Stage 17 : Saint Gaudens > Saint-Lary-Soulan Col du Portet
17,2014,3659,Stage 18 : Pau > Hautacam
18,2014,3659,Stage 19 : Maubourguet Pays du Val d'Adour > Bergerac
19,2014,3659,Stage 20 : Bergerac > Périgueux
20,2014,3659,Stage 21 : Evry > Paris Champs-Élysées
0,2015,3354,Stage 1 : Utrecht > Utrecht
1,2015,3354,Stage 2 : Utrecht > Zélande
2,2015,3354,Stage 3 : Anvers > Huy
3,2015,3354,Stage 4 : Seraing > Cambrai
4,2015,3354,Stage 5 : Arras Communauté Urbaine > Amiens
5,2015,3354,Stage 6 : Abbeville > Le Havre
6,2015,3354,Stage 7 : Livarot > Fougères
7,2015,3354,Stage 8 : Rennes > Mûr-de-Bretagne Guerlédan
8,2015,3354,Stage 9 : Vannes > Plumelec
9,2015,3354,Stage 10 : Tarbes > La Pierre-Saint-Martin
10,2015,3354,Stage 11 : Pau > Cauterets
11,2015,3354,Stage 12 : Lannemezan > plateau_de_beille
12,2015,3354,Stage 13 : Muret > Rodez
13,2015,3354,Stage 14 : Rodez > Mende
14,2015,3354,Stage 15 : Mende > Valence
15,2015,3354,Stage 16 : Bourg-de-Péage > Gap
16,2015,3354,Stage 17 : Digne-les-Bains > Pra Loup
17,2015,3354,Stage 18 : Gap > Saint-Jean-de-Maurienne
18,2015,3354,Stage 19 : Saint-Jean-de-Maurienne > La Toussuire
19,2015,3354,Stage 20 : Modane Valfréjus > Alpe d'Huez
20,2015,3354,Stage 21 : Sèvres - Grand Paris Seine Ouest > Paris Champs-Élysées
0,2016,3525,Stage 1 : Mont-Saint-Michel > Utah Beach Sainte-Marie-du-Mont
1,2016,3525,Stage 2 : Saint-Lô > Cherbourg-en-Cotentin
2,2016,3525,Stage 3 : Granville > Angers
3,2016,3525,Stage 4 : Saumur > Limoges
4,2016,3525,Stage 5 : Limoges > Le Lioran
5,2016,3525,Stage 6 : Arpajon-sur-Cère > Montauban
6,2016,3525,Stage 7 : L'Isle-Jourdain > Lac de Payolle
7,2016,3525,Stage 8 : Pau > Bagnères-de-Luchon
8,2016,3525,Stage 9 : Vielha Val d'Aran > Andorre
9,2016,3525,Stage 10 : Escaldes-Engordany > Revel
10,2016,3525,Stage 11 : Carcassonne > Montpellier
11,2016,3525,Stage 12 : Montpellier > Mont Ventoux
12,2016,3525,Stage 13 : Bourg-Saint-Andéol > La Caverne du Pont-d'Arc
13,2016,3525,Stage 14 : Montélimar > Villars-les-Dombes Parc des Oiseaux
14,2016,3525,Stage 15 : Bourg-en-Bresse > Culoz
15,2016,3525,Stage 16 : Moirans-en-Montagne > Berne
16,2016,3525,Stage 17 : Berne > Finhaut-Emosson
17,2016,3525,Stage 18 : Sallanches > Megève
18,2016,3525,Stage 19 : Albertville > Saint-Gervais Mont-Blanc
19,2016,3525,Stage 20 : Megève > Morzine
20,2016,3525,Stage 21 : Chantilly > Paris Champs-Élysées
0,2017,3540,Stage 1 : Düsseldorf > Düsseldorf
1,2017,3540,Stage 2 : Düsseldorf > Liège
2,2017,3540,Stage 3 : Verviers > Longwy
3,2017,3540,Stage 4 : Mondorf-les-Bains > Vittel
4,2017,3540,Stage 5 : Vittel > La Planche des Belles Filles
5,2017,3540,Stage 6 : Vesoul > Troyes
6,2017,3540,Stage 7 : Troyes > Nuits-Saint-Georges
7,2017,3540,Stage 8 : Dole > Station des Rousses
8,2017,3540,Stage 9 : Nantua > Chambéry
9,2017,3540,Stage 10 : Périgueux > Bergerac
10,2017,3540,Stage 11 : Eymet > Pau
11,2017,3540,Stage 12 : Pau > Peyragudes
12,2017,3540,Stage 13 : Saint-Girons > Foix
13,2017,3540,Stage 14 : Blagnac > Rodez
14,2017,3540,Stage 15 : Laissac-Sévérac l'Église > Le Puy-en-Velay
15,2017,3540,Stage 16 : Le Puy-en-Velay > Romans-sur-Isère
16,2017,3540,Stage 17 : La Mure > Serre-Chevalier
17,2017,3540,Stage 18 : Briançon > Izoard
18,2017,3540,Stage 19 : Embrun > Salon-de-Provence
19,2017,3540,Stage 20 : Marseille > Marseille
20,2017,3540,Stage 21 : Montgeron > Paris Champs-Élysées
0,2018,3349,Stage 1 : Noirmoutier-en-l'Île > Fontenay-le-Comte
1,2018,3349,Stage 2 : Mouilleron-Saint-Germain > La Roche-sur-Yon
2,2018,3349,Stage 3 : Cholet > Cholet
3,2018,3349,Stage 4 : La Baule > Sarzeau
4,2018,3349,Stage 5 : Lorient > Quimper
5,2018,3349,Stage 6 : Brest > Mûr-de-Bretagne Guerlédan
6,2018,3349,Stage 7 : Fougères > Chartres
7,2018,3349,Stage 8 : Dreux > Amiens
8,2018,3349,Stage 9 : Arras Citadelle > Roubaix
9,2018,3349,Stage 10 : Annecy > Le Grand-Bornand
10,2018,3349,Stage 11 : Albertville > La Rosière Espace San Bernardo
11,2018,3349,Stage 12 : Bourg-Saint-Maurice Les Arcs > Alpe d'Huez
12,2018,3349,Stage 13 : Le Bourg d'Oisans > Valence
13,2018,3349,Stage 14 : Saint-Paul-Trois-Châteaux > Mende
14,2018,3349,Stage 15 : Millau > Carcassonne
15,2018,3349,Stage 16 : Carcassonne > Bagnères-de-Luchon
16,2018,3349,Stage 17 : Bagnères-de-Luchon > Saint-Lary-Soulan Col du Portet
17,2018,3349,Stage 18 : Trie-sur-Baïse > Pau
18,2018,3349,Stage 19 : Lourdes > Laruns
19,2018,3349,Stage 20 : Saint-Pée-sur-Nivelle > Espelette
20,2018,3349,Stage 21 : Houilles > Paris Champs-Élysées
0,2019,3366,Stage 1 : Bruxelles > Brussel
1,2019,3366,Stage 2 : Bruxelles Palais Royal > Brussel Atomium
2,2019,3366,Stage 3 : Binche > Épernay
3,2019,3366,Stage 4 : Reims > Nancy
4,2019,3366,Stage 5 : Saint-Dié-des-Vosges > Colmar
5,2019,3366,Stage 6 : Mulhouse > La Planche des Belles Filles
6,2019,3366,Stage 7 : Belfort > Chalon-sur-Saône
7,2019,3366,Stage 8 : Mâcon > Saint-Étienne
8,2019,3366,Stage 9 : Saint-Étienne > Brioude
9,2019,3366,Stage 10 : Saint-Flour > Albi
10,2019,3366,Stage 11 : Albi > Toulouse
11,2019,3366,Stage 12 : Toulouse > Bagnères-de-Bigorre
12,2019,3366,Stage 13 : Pau > Pau
13,2019,3366,Stage 14 : Tarbes > Tourmalet Barèges
14,2019,3366,Stage 15 : Limoux > Foix Prat d'Albis
15,2019,3366,Stage 16 : Nîmes > Nîmes
16,2019,3366,Stage 17 : Pont du Gard > Gap
17,2019,3366,Stage 18 : Embrun > Valloire
18,2019,3366,Stage 19 : Saint-Jean-de-Maurienne > Tignes
19,2019,3366,Stage 20 : Albertville > Val Thorens
20,2019,3366,Stage 21 : Rambouillet > Paris Champs-Élysées
0,2020,3483,Stage 1 : Nice Moyen Pays > Nice
1,2020,3483,Stage 2 : Nice Haut Pays > Nice
2,2020,3483,Stage 3 : Nice > Sisteron
3,2020,3483,Stage 4 : Sisteron > Orcières-Merlette
4,2020,3483,Stage 5 : Gap > Privas
5,2020,3483,Stage 6 : Le Teil > Mont Aigoual
6,2020,3483,Stage 7 : Millau > Lavaur
7,2020,3483,Stage 8 : Cazères-sur-Garonne > Loudenvielle
8,2020,3483,Stage 9 : Pau > Laruns
9,2020,3483,Stage 10 : Île d'Oléron Le Château-d'Oléron > Île de Ré Saint-Martin-de-Ré
10,2020,3483,Stage 11 : Châtelaillon-Plage > Poitiers
11,2020,3483,Stage 12 : Chauvigny > Sarran Corrèze
12,2020,3483,Stage 13 : Châtel-Guyon > Puy Mary Cantal
13,2020,3483,Stage 14 : Clermont-Ferrand > Lyon
14,2020,3483,Stage 15 : Lyon > Grand Colombier
15,2020,3483,Stage 16 : La Tour-du-Pin > Villard-de-Lans
16,2020,3483,Stage 17 : Grenoble > Méribel Col de la Loze
17,2020,3483,Stage 18 : Méribel > La Roche-sur-Foron
18,2020,3483,Stage 19 : Bourg-en-Bresse > Champagnole
19,2020,3483,Stage 20 : Lure > La Planche des Belles Filles
20,2020,3483,Stage 21 : Mantes-la-Jolie > Paris Champs-Élysées
0,2021,3383,Stage 1 : Brest > Landerneau
1,2021,3383,Stage 2 : Perros-Guirec > Mûr-de-Bretagne Guerlédan
2,2021,3383,Stage 3 : Lorient > Pontivy
3,2021,3383,Stage 4 : Redon > Fougères
4,2021,3383,Stage 5 : Changé > Laval Espace Mayenne
5,2021,3383,Stage 6 : Tours > Châteauroux
6,2021,3383,Stage 7 : Vierzon > Le Creusot
7,2021,3383,Stage 8 : Oyonnax > Le Grand-Bornand
8,2021,3383,Stage 9 : Cluses > Tignes
9,2021,3383,Stage 10 : Albertville > Valence
10,2021,3383,Stage 11 : Sorgues > Malaucène
11,2021,3383,Stage 12 : Saint-Paul-Trois-Châteaux > Nîmes
12,2021,3383,Stage 13 : Nîmes > Carcassonne
13,2021,3383,Stage 14 : Carcassonne > Quillan
14,2021,3383,Stage 15 : Céret > Andorre-la-Vieille
15,2021,3383,Stage 16 : Pas de la Case > Saint-Gaudens
16,2021,3383,Stage 17 : Muret > Saint-Lary-Soulan Col du Portet
17,2021,3383,Stage 18 : Pau > Luz Ardiden
18,2021,3383,Stage 19 : Mourenx > Libourne
19,2021,3383,Stage 20 : Libourne > Saint-Emilion
20,2021,3383,Stage 21 : Chatou > Paris Champs-Élysées
0,2022,3328,Stage 1 : Copenhague > Copenhague
1,2022,3328,Stage 2 : Roskilde > Nyborg
2,2022,3328,Stage 3 : Vejle > Sønderborg
3,2022,3328,Stage 1 : Transfert > Transfert
4,2022,3328,Stage 4 : Dunkerque > Calais
5,2022,3328,Stage 5 : Lille Métropole > Arenberg Porte du Hainaut
6,2022,3328,Stage 6 : Binche > Longwy
7,2022,3328,Stage 7 : Tomblaine > La Super Planche des Belles Filles
8,2022,3328,Stage 8 : Dole > Lausanne
9,2022,3328,Stage 9 : Aigle > Châtel Les Portes du Soleil
10,2022,3328,Stage 10 : Morzine Les Portes du Soleil > Megève
11,2022,3328,Stage 11 : Albertville > Col du Granon Serre Chevalier
12,2022,3328,Stage 12 : Briançon > Alpe d'Huez
13,2022,3328,Stage 13 : Le Bourg d'Oisans > Saint-Étienne
14,2022,3328,Stage 14 : Saint-Étienne > Mende
15,2022,3328,Stage 15 : Rodez > Carcassonne
16,2022,3328,Stage 16 : Carcassonne > Foix
17,2022,3328,Stage 17 : Saint-Gaudens > Peyragudes
18,2022,3328,Stage 18 : Lourdes > Hautacam
19,2022,3328,Stage 19 : Castelnau-Magnoac > Cahors
20,2022,3328,Stage 20 : Lacapelle-Marival > Rocamadour
21,2022,3328,Stage 21 : Paris La Défense Arena > Paris Champs-Élysées
0,2023,3404,Stage 1 : Bilbao > Bilbao
1,2023,3404,Stage 2 : Vitoria-Gasteiz > Saint-Sébastien
2,2023,3404,Stage 3 : Amorebieta-Etxano > Bayonne
3,2023,3404,Stage 4 : Dax > Nogaro
4,2023,3404,Stage 5 : Pau > Laruns
5,2023,3404,Stage 6 : Tarbes > Cauterets-Cambasque
6,2023,3404,Stage 7 : Mont-de-Marsan > Bordeaux
7,2023,3404,Stage 8 : Libourne > Limoges
8,2023,3404,Stage 9 : Saint-Léonard-de-Noblat > Puy de Dôme
9,2023,3404,Stage 10 : Vulcania > Issoire
10,2023,3404,Stage 11 : Clermont-Ferrand > Moulins
11,2023,3404,Stage 12 : Roanne > Belleville-en-Beaujolais
12,2023,3404,Stage 13 : Châtillon-sur-Chalaronne > Grand Colombier
13,2023,3404,Stage 14 : Annemasse > Morzine Les Portes du Soleil
14,2023,3404,Stage 15 : Les Gets les portes du soleil > Saint-Gervais Mont-Blanc
15,2023,3404,Stage 16 : Passy > Combloux
16,2023,3404,Stage 17 : Saint-Gervais Mont-Blanc > Courchevel
17,2023,3404,Stage 18 : Moûtiers > Bourg-en-Bresse
18,2023,3404,Stage 19 : Moirans-en-Montagne > Poligny
19,2023,3404,Stage 20 : Belfort > Le Markstein Fellering
20,2023,3404,Stage 21 : Saint-Quentin-en-Yvelines > Paris Champs-Élysées
